,dengue_cases,daily_rainf_total,highest_30min_rainf,highest_60min_rainf,highest_120min_rainf,mean_temp,max_temp,min_temp,mean_wind_speed,max_wind_speed,dengue_searches,dengue_fever_searches,dengue_symptoms_searches
2012-01-01,74.0,0.6,0.0,0.0,0.0,27.2,31.4,25.2,8.4,28.4,7,5,2
2012-01-08,66.0,4.0,0.0,0.0,0.0,26.97142857142857,30.542857142857144,24.785714285714285,12.214285714285714,34.6,5,5,0
2012-01-15,61.0,3.685714285714286,0.0,0.0,0.0,26.228571428571428,29.5,23.82857142857143,7.814285714285715,34.214285714285715,8,4,2
2012-01-22,52.0,4.0,0.0,0.0,0.0,26.914285714285715,31.3,24.471428571428568,7.357142857142857,28.04285714285714,6,7,3
2012-01-29,85.0,1.2285714285714289,0.0,0.0,0.0,26.599999999999998,30.599999999999998,24.400000000000002,8.585714285714285,30.857142857142858,6,3,0
2012-02-05,87.0,7.957142857142857,0.0,0.0,0.0,26.485714285714288,30.17142857142857,23.942857142857143,10.542857142857143,33.17142857142857,6,3,2
2012-02-12,65.0,0.2285714285714286,0.0,0.0,0.0,27.5,31.585714285714285,24.814285714285713,11.9,34.4,7,4,1
2012-02-19,51.0,5.457142857142857,0.0,0.0,0.0,26.67142857142857,30.942857142857143,23.97142857142857,7.914285714285714,30.942857142857143,8,4,1
2012-02-26,55.0,0.4571428571428572,0.0,0.0,0.0,27.7,31.485714285714288,25.47142857142857,9.814285714285715,29.47142857142857,6,3,2
2012-03-04,46.0,3.7714285714285714,0.0,0.0,0.0,27.142857142857142,31.67142857142857,24.97142857142857,7.542857142857143,33.81428571428571,4,5,2
2012-03-11,64.0,7.514285714285714,0.0,0.0,0.0,26.928571428571427,30.557142857142857,24.12857142857143,6.442857142857143,31.985714285714288,5,4,1
2012-03-18,73.0,17.914285714285715,0.0,0.0,0.0,26.642857142857142,30.12857142857143,24.314285714285713,8.385714285714286,31.371428571428574,9,5,3
2012-03-25,48.0,1.0,0.0,0.0,0.0,27.514285714285712,31.842857142857138,25.12857142857143,6.3,30.27142857142857,10,4,3
2012-04-01,52.0,18.142857142857142,0.0,0.0,0.0,27.17142857142857,31.67142857142857,24.142857142857142,6.6000000000000005,36.75714285714286,7,5,2
2012-04-08,82.0,4.3999999999999995,0.0,0.0,0.0,27.228571428571428,30.842857142857145,24.142857142857142,6.571428571428571,35.01428571428571,7,3,3
2012-04-15,77.0,22.057142857142857,0.0,0.0,0.0,27.2,31.12857142857143,24.271428571428572,6.5,30.32857142857143,3,3,3
2012-04-22,64.0,6.485714285714286,0.0,0.0,0.0,27.542857142857144,31.142857142857142,24.942857142857143,6.071428571428571,29.928571428571427,8,5,1
2012-04-29,88.0,0.3714285714285714,0.0,0.0,0.0,28.385714285714283,32.2,25.62857142857143,6.414285714285714,31.385714285714283,9,5,2
2012-05-06,97.0,16.97142857142857,0.0,0.0,0.0,27.67142857142857,31.714285714285715,24.085714285714285,5.871428571428572,36.0,8,5,2
2012-05-13,80.0,6.914285714285714,0.0,0.0,0.0,27.82857142857143,32.114285714285714,24.314285714285713,6.457142857142857,33.628571428571426,9,3,3
2012-05-20,80.0,7.485714285714286,0.0,0.0,0.0,28.685714285714287,31.87142857142857,25.057142857142857,6.871428571428572,33.72857142857143,6,3,1
2012-05-27,81.0,5.742857142857143,0.0,0.0,0.0,28.342857142857145,31.157142857142855,25.157142857142855,8.271428571428572,31.114285714285717,8,5,3
2012-06-03,100.0,4.971428571428571,0.0,0.0,0.0,28.17142857142857,31.342857142857145,25.599999999999998,7.014285714285714,29.885714285714283,7,4,3
2012-06-10,88.0,5.971428571428572,0.0,0.0,0.0,28.52857142857143,31.428571428571427,25.785714285714285,6.742857142857143,31.557142857142857,7,3,2
2012-06-17,129.0,0.0,0.0,0.0,0.0,29.24285714285714,31.942857142857143,27.24285714285714,10.742857142857144,31.014285714285712,9,4,3
2012-06-24,151.0,0.14285714285714285,0.0,0.0,0.0,28.842857142857145,31.957142857142856,26.685714285714287,10.385714285714286,34.0,8,3,4
2012-07-01,140.0,1.9428571428571428,0.0,0.0,0.0,28.514285714285712,31.442857142857143,26.057142857142857,9.685714285714285,36.51428571428572,9,5,3
2012-07-08,132.0,9.114285714285714,0.0,0.0,0.0,27.25714285714286,30.342857142857145,24.328571428571426,7.8,35.58571428571429,12,6,4
2012-07-15,125.0,4.971428571428571,0.0,0.0,0.0,27.385714285714283,30.24285714285714,25.314285714285713,8.457142857142857,32.971428571428575,9,7,3
2012-07-22,110.0,4.057142857142858,0.0,0.0,0.0,27.385714285714283,30.62857142857143,25.142857142857142,7.3428571428571425,29.571428571428573,9,6,1
2012-07-29,94.0,0.0,0.0,0.0,0.0,28.542857142857144,31.685714285714287,26.17142857142857,12.014285714285714,37.08571428571429,4,4,3
2012-08-05,127.0,3.3999999999999995,0.0,0.0,0.0,28.214285714285715,31.114285714285717,25.74285714285714,12.314285714285715,35.31428571428571,8,5,3
2012-08-12,115.0,0.0,0.0,0.0,0.0,28.414285714285715,31.61428571428571,26.02857142857143,12.785714285714286,36.25714285714286,7,3,1
2012-08-19,92.0,4.4,0.0,0.0,0.0,28.3,31.342857142857145,25.37142857142857,12.842857142857143,40.528571428571425,4,3,1
2012-08-26,102.0,4.457142857142857,0.0,0.0,0.0,28.04285714285714,31.099999999999998,25.62857142857143,10.385714285714286,40.142857142857146,8,3,3
2012-09-02,76.0,4.771428571428571,0.0,0.0,0.0,27.285714285714285,30.271428571428572,25.057142857142857,9.328571428571427,37.34285714285714,7,5,2
2012-09-09,74.0,9.542857142857143,0.0,0.0,0.0,27.271428571428572,30.900000000000002,24.385714285714283,9.228571428571428,39.18571428571429,7,2,2
2012-09-16,72.0,0.2571428571428572,0.0,0.0,0.0,27.985714285714288,30.614285714285717,25.785714285714285,7.585714285714286,29.728571428571428,7,4,2
2012-09-23,100.0,0.0,0.0,0.0,0.0,28.37142857142857,32.1,26.114285714285717,7.785714285714286,31.02857142857143,7,2,3
2012-09-30,104.0,5.571428571428571,0.0,0.0,0.0,27.814285714285713,31.557142857142857,24.385714285714283,7.357142857142857,33.114285714285714,8,4,3
2012-10-07,123.0,2.4857142857142853,0.0,0.0,0.0,28.157142857142855,31.62857142857143,25.728571428571428,6.514285714285714,30.02857142857143,8,4,4
2012-10-14,105.0,5.714285714285714,0.0,0.0,0.0,27.685714285714287,31.714285714285715,24.9,5.985714285714286,30.485714285714284,8,4,2
2012-10-21,84.0,8.028571428571428,0.0,0.0,0.0,26.657142857142855,30.928571428571427,24.47142857142857,5.457142857142857,29.914285714285715,10,5,3
2012-10-28,104.0,0.0,0.0,0.0,0.0,28.542857142857144,32.48571428571429,25.728571428571428,8.128571428571428,27.0,7,5,4
2012-11-04,100.0,5.285714285714286,0.0,0.0,0.0,27.0,31.557142857142853,24.642857142857142,6.485714285714286,32.48571428571429,8,5,3
2012-11-11,88.0,3.9714285714285715,0.0,0.0,0.0,27.185714285714287,31.24285714285714,24.957142857142856,5.714285714285714,26.17142857142857,9,4,3
2012-11-18,100.0,6.0,0.0,0.0,0.0,27.114285714285717,31.485714285714288,24.985714285714288,5.757142857142857,28.75714285714286,7,3,1
2012-11-25,80.0,14.742857142857146,0.0,0.0,0.0,27.071428571428573,31.142857142857142,24.328571428571426,5.914285714285714,32.4,8,5,1
2012-12-02,78.0,1.1714285714285713,0.0,0.0,0.0,27.428571428571427,31.657142857142855,25.085714285714285,5.642857142857143,24.385714285714283,5,3,2
2012-12-09,105.0,9.971428571428572,0.0,0.0,0.0,27.12857142857143,31.1,24.685714285714287,7.014285714285714,30.3,8,4,1
2012-12-16,94.0,19.771428571428572,0.0,0.0,0.0,26.342857142857145,30.685714285714287,23.82857142857143,6.1,31.74285714285714,9,5,2
2012-12-23,112.0,9.257142857142856,0.0,0.0,0.0,26.614285714285717,30.785714285714285,24.099999999999998,6.257142857142857,28.928571428571427,5,3,3
2012-12-30,89.07692307692308,1.457142857142857,0.0,0.0,0.0,26.728571428571428,29.900000000000002,24.957142857142856,6.742857142857143,26.52857142857143,5,4,2
2013-01-06,134.0,13.085714285714285,0.0,0.0,0.0,26.928571428571427,31.17142857142857,24.114285714285717,7.128571428571428,30.085714285714285,9,7,5
2013-01-13,205.0,13.400000000000002,0.0,0.0,0.0,27.285714285714285,31.88571428571429,24.157142857142855,7.757142857142857,36.58571428571429,9,6,1
2013-01-20,219.0,21.142857142857142,0.0,0.0,0.0,26.414285714285715,29.3,24.728571428571428,10.028571428571428,30.599999999999998,11,6,2
2013-01-27,267.0,1.0571428571428572,0.0,0.0,0.0,26.985714285714288,30.47142857142857,24.542857142857144,10.914285714285715,31.67142857142857,12,6,3
2013-02-03,293.0,5.971428571428571,0.0,0.0,0.0,27.557142857142857,31.042857142857144,25.285714285714285,12.585714285714285,35.27142857142857,13,7,3
2013-02-10,322.0,10.142857142857142,0.0,0.0,0.0,26.2,29.7,23.82857142857143,6.928571428571429,27.714285714285715,15,9,3
2013-02-17,247.0,22.400000000000002,0.0,0.0,0.0,25.685714285714287,29.085714285714285,23.814285714285713,7.185714285714285,29.428571428571427,14,7,4
2013-02-24,296.0,2.7714285714285714,0.0,0.0,0.0,27.02857142857143,30.62857142857143,24.728571428571428,7.8,26.857142857142858,16,8,4
2013-03-03,249.0,18.400000000000002,0.0,0.0,0.0,27.47142857142857,31.685714285714283,24.900000000000002,8.428571428571429,32.81428571428571,14,9,4
2013-03-10,273.0,0.6285714285714287,0.0,0.0,0.0,27.900000000000002,31.785714285714285,25.47142857142857,11.042857142857143,32.51428571428571,13,7,3
2013-03-17,308.0,1.6857142857142857,0.0,0.0,0.0,28.12857142857143,32.48571428571429,25.2,9.5,30.8,8,5,2
2013-03-24,307.0,4.228571428571429,0.0,0.0,0.0,28.571428571428573,32.81428571428571,26.085714285714285,9.657142857142857,32.91428571428572,16,7,3
2013-03-31,316.0,2.4857142857142853,0.0,0.0,0.0,28.642857142857142,32.614285714285714,25.82857142857143,6.614285714285714,30.642857142857142,18,8,4
2013-04-07,406.0,11.085714285714287,0.0,0.0,0.0,28.32857142857143,32.51428571428571,25.557142857142857,6.557142857142857,36.1,38,16,8
2013-04-14,492.0,2.457142857142857,0.0,0.0,0.0,28.057142857142857,31.771428571428572,25.428571428571427,6.242857142857143,30.7,34,13,7
2013-04-21,509.0,4.314285714285714,0.0,0.0,0.0,28.514285714285712,32.57142857142857,25.25714285714286,6.628571428571428,31.3,30,10,8
2013-04-28,538.0,4.9142857142857155,0.0,0.0,0.0,27.8,31.45714285714286,25.071428571428573,5.614285714285714,34.142857142857146,39,20,8
2013-05-05,547.0,1.2857142857142858,0.0,0.0,0.0,28.457142857142856,31.657142857142855,25.928571428571427,7.357142857142857,34.142857142857146,35,15,8
2013-05-12,558.0,13.4,0.0,0.0,0.0,27.957142857142856,31.885714285714283,25.7,6.642857142857143,33.42857142857143,32,12,9
2013-05-19,611.0,6.857142857142857,0.0,0.0,0.0,28.74285714285714,32.22857142857143,25.814285714285713,7.0,29.842857142857145,29,11,10
2013-05-26,640.0,4.428571428571429,0.0,0.0,0.0,28.228571428571428,31.97142857142857,25.557142857142857,5.542857142857143,28.74285714285714,59,26,15
2013-06-02,746.0,7.428571428571429,0.0,0.0,0.0,27.67142857142857,31.885714285714283,24.67142857142857,5.928571428571429,26.914285714285715,53,21,16
2013-06-09,814.0,8.485714285714286,0.0,0.0,0.0,27.814285714285713,32.07142857142857,24.642857142857142,6.2,29.599999999999998,100,41,28
2013-06-16,809.0,2.857142857142857,0.0,0.0,0.0,29.642857142857142,32.82857142857143,26.557142857142857,6.328571428571428,33.885714285714286,72,24,20
2013-06-23,842.0,0.0,0.0,0.0,0.0,30.02857142857143,33.714285714285715,26.928571428571427,6.3428571428571425,29.87142857142857,44,16,13
2013-06-30,806.0,1.3714285714285714,0.0,0.0,0.0,28.714285714285715,31.900000000000002,25.842857142857145,6.328571428571428,29.857142857142858,43,15,11
2013-07-07,678.0,0.6857142857142858,0.0,0.0,0.0,28.085714285714285,31.32857142857143,25.614285714285717,7.1000000000000005,29.514285714285712,37,13,11
2013-07-14,541.0,6.914285714285714,0.0,0.0,0.0,27.485714285714288,30.642857142857142,24.82857142857143,6.271428571428571,30.02857142857143,31,11,7
2013-07-21,390.0,6.542857142857143,0.0,0.0,0.0,27.614285714285717,31.057142857142857,25.25714285714286,6.857142857142857,30.12857142857143,26,8,6
2013-07-28,306.0,8.142857142857142,0.0,0.0,0.0,27.885714285714283,31.357142857142858,25.157142857142855,7.871428571428572,32.471428571428575,23,9,7
2013-08-04,289.0,3.8285714285714283,0.0,0.0,0.0,27.771428571428572,30.52857142857143,24.914285714285715,8.1,34.871428571428574,22,7,4
2013-08-11,256.0,16.62857142857143,0.0,0.0,0.0,27.357142857142858,30.342857142857145,24.02857142857143,7.6571428571428575,32.957142857142856,25,8,8
2013-08-18,378.0,2.8285714285714287,0.0,0.0,0.0,27.8,30.585714285714285,24.942857142857143,8.742857142857144,31.685714285714287,20,9,7
2013-08-25,341.0,1.5142857142857142,0.0,0.0,0.0,28.37142857142857,31.557142857142857,25.957142857142856,10.614285714285714,36.4,18,8,6
2013-09-01,386.0,1.5714285714285714,0.0,0.0,0.0,28.085714285714285,31.828571428571426,25.842857142857145,9.985714285714286,33.44285714285714,15,4,4
2013-09-08,452.0,15.2,0.0,0.0,0.0,26.400000000000002,29.642857142857142,23.37142857142857,5.5,32.1,22,8,5
2013-09-15,339.0,5.685714285714286,0.0,0.0,0.0,27.24285714285714,30.02857142857143,24.82857142857143,7.785714285714286,33.67142857142857,22,7,7
2013-09-22,376.0,3.057142857142857,0.0,0.0,0.0,28.47142857142857,31.571428571428573,25.900000000000002,8.8,32.357142857142854,16,6,5
2013-09-29,406.0,12.657142857142857,0.0,0.0,0.0,28.071428571428573,31.47142857142857,25.014285714285712,7.728571428571429,36.25714285714286,25,8,5
2013-10-06,441.0,3.8285714285714283,0.0,0.0,0.0,27.8,30.857142857142858,24.342857142857145,7.485714285714286,34.18571428571429,22,6,7
2013-10-13,438.0,6.857142857142857,0.0,0.0,0.0,28.2,31.82857142857143,25.3,7.014285714285714,32.94285714285714,19,8,7
2013-10-20,374.0,27.714285714285715,0.0,0.0,0.0,27.785714285714285,31.542857142857144,24.099999999999998,7.328571428571428,32.91428571428572,28,8,9
2013-10-27,495.0,0.7428571428571429,0.0,0.0,0.0,27.3,31.442857142857143,24.685714285714287,6.642857142857143,29.97142857142857,24,10,6
2013-11-03,458.0,9.971428571428572,0.0,0.0,0.0,27.114285714285717,31.400000000000002,24.514285714285712,5.8428571428571425,31.271428571428572,22,8,7
2013-11-10,402.0,14.685714285714285,0.0,0.0,0.0,27.057142857142857,31.642857142857142,24.428571428571427,5.785714285714286,27.885714285714283,19,8,6
2013-11-17,444.0,4.371428571428572,0.0,0.0,0.0,26.8,30.314285714285713,24.342857142857145,6.071428571428571,28.557142857142857,25,7,9
2013-11-24,365.0,2.3428571428571425,0.0,0.0,0.0,27.728571428571428,31.585714285714285,24.642857142857142,6.8999999999999995,30.457142857142856,21,8,5
2013-12-01,372.0,15.742857142857144,0.0,0.0,0.0,26.900000000000002,31.157142857142855,24.5,6.357142857142857,27.157142857142855,21,6,6
2013-12-08,347.0,25.37142857142857,0.0,0.0,0.0,25.67142857142857,29.285714285714285,23.61428571428571,6.7,26.814285714285713,15,4,4
2013-12-15,381.0,5.285714285714286,0.0,0.0,0.0,27.02857142857143,31.342857142857145,24.157142857142855,7.828571428571428,28.071428571428573,16,6,5
2013-12-22,371.0,12.514285714285714,0.0,0.0,0.0,26.62857142857143,30.914285714285715,23.485714285714288,8.042857142857143,33.25714285714286,15,5,6
2013-12-29,414.0,0.6571428571428571,0.0,0.0,0.0,26.7,29.62857142857143,24.97142857142857,10.914285714285715,35.857142857142854,17,7,7
2014-01-05,437.0,4.885714285714286,1.2285714285714284,1.542857142857143,2.2,26.514285714285712,29.457142857142856,24.657142857142855,9.028571428571428,30.342857142857145,22,8,6
2014-01-12,479.0,8.142857142857142,5.057142857142857,5.228571428571429,5.3428571428571425,26.37142857142857,29.97142857142857,24.12857142857143,7.514285714285714,29.685714285714287,21,7,6
2014-01-19,401.0,0.0,0.0,0.0,0.0,26.24285714285714,29.142857142857142,24.314285714285713,13.214285714285714,37.34285714285714,18,6,4
2014-01-26,336.0,0.0,0.0,0.0,0.0,25.7,29.042857142857144,23.52857142857143,12.285714285714286,36.41428571428572,15,3,6
2014-02-02,234.0,0.0,0.0,0.0,0.0,26.057142857142857,30.485714285714288,23.342857142857145,13.671428571428573,38.357142857142854,14,4,4
2014-02-09,274.0,0.028571428571428574,0.028571428571428574,0.028571428571428574,0.028571428571428574,26.585714285714285,31.485714285714288,23.599999999999998,11.685714285714285,30.728571428571428,19,7,4
2014-02-16,369.0,0.0,0.0,0.0,0.0,27.714285714285715,32.41428571428572,25.185714285714287,13.942857142857141,36.67142857142857,16,5,6
2014-02-23,194.0,0.0,0.0,0.0,0.0,27.7,32.114285714285714,25.185714285714287,15.214285714285714,37.528571428571425,17,6,5
2014-03-02,187.0,0.0,0.0,0.0,0.0,27.514285714285712,32.32857142857143,24.685714285714287,14.685714285714285,39.771428571428565,17,6,4
2014-03-09,210.0,0.0,0.0,0.0,0.0,27.657142857142855,32.81428571428571,24.400000000000002,12.700000000000001,37.24285714285714,12,4,2
2014-03-16,225.0,7.514285714285714,2.914285714285714,3.742857142857143,5.3999999999999995,27.97142857142857,32.58571428571428,24.985714285714288,13.085714285714285,38.57142857142857,10,5,3
2014-03-23,210.0,1.8571428571428572,1.2571428571428573,1.5714285714285714,1.7142857142857142,27.428571428571427,32.34285714285714,25.0,9.028571428571428,30.74285714285714,13,6,5
2014-03-30,225.0,0.05714285714285715,0.05714285714285715,0.05714285714285715,0.05714285714285715,28.571428571428573,33.27142857142857,25.7,10.728571428571428,34.1,13,5,3
2014-04-06,240.0,3.657142857142857,2.4857142857142853,2.7714285714285714,2.8,28.32857142857143,32.15714285714286,25.785714285714285,8.685714285714285,33.48571428571429,11,5,3
2014-04-13,245.0,4.171428571428572,2.6,3.142857142857143,3.685714285714286,27.8,32.82857142857143,25.071428571428573,6.757142857142857,32.357142857142854,15,5,4
2014-04-20,235.0,4.171428571428572,3.0857142857142854,3.8285714285714283,4.171428571428572,28.471428571428568,32.18571428571429,25.7,7.214285714285714,28.900000000000002,15,7,5
2014-04-27,282.0,1.0857142857142859,0.5428571428571429,0.8,1.0571428571428572,28.342857142857145,32.81428571428572,25.37142857142857,7.028571428571429,33.214285714285715,16,5,4
2014-05-04,251.0,2.8857142857142857,1.857142857142857,2.1714285714285713,2.6285714285714286,28.857142857142858,32.4,26.271428571428572,7.1571428571428575,29.271428571428572,14,4,5
2014-05-11,261.0,4.371428571428571,3.0,3.657142857142857,3.8285714285714283,28.928571428571427,33.07142857142857,26.32857142857143,7.3,32.44285714285714,12,4,5
2014-05-18,291.0,8.085714285714285,5.8,6.828571428571428,7.257142857142857,28.457142857142856,31.400000000000002,25.685714285714287,5.957142857142857,31.314285714285713,14,5,5
2014-05-25,428.0,2.2285714285714286,1.0285714285714287,1.5142857142857142,1.657142857142857,27.985714285714288,31.82857142857143,25.0,7.1571428571428575,29.928571428571427,17,6,4
2014-06-01,456.0,5.6000000000000005,3.914285714285714,4.314285714285714,4.742857142857143,28.442857142857143,31.900000000000002,25.74285714285714,6.757142857142858,33.885714285714286,14,5,4
2014-06-08,459.0,2.8000000000000003,1.0857142857142856,1.2,1.5714285714285714,28.414285714285715,31.22857142857143,26.342857142857145,8.299999999999999,31.82857142857143,19,6,4
2014-06-15,506.0,3.542857142857143,3.0285714285714285,3.3999999999999995,3.485714285714286,29.2,32.357142857142854,25.97142857142857,7.257142857142857,36.47142857142857,22,7,5
2014-06-22,551.0,0.7999999999999999,0.5714285714285714,0.6571428571428571,0.7428571428571429,29.87142857142857,33.04285714285714,26.87142857142857,8.985714285714286,31.814285714285713,20,5,6
2014-06-29,671.0,0.14285714285714285,0.1142857142857143,0.14285714285714285,0.14285714285714285,29.0,31.771428571428572,26.485714285714288,7.271428571428571,32.65714285714286,24,6,7
2014-07-06,891.0,3.5714285714285716,3.228571428571428,3.457142857142857,3.485714285714286,28.25714285714286,31.214285714285715,25.24285714285714,6.385714285714286,35.22857142857143,38,14,11
2014-07-13,819.0,7.971428571428571,7.057142857142858,7.514285714285714,7.742857142857143,28.17142857142857,31.25714285714286,24.67142857142857,7.685714285714285,37.199999999999996,31,14,9
2014-07-20,746.0,1.2,1.1428571428571428,1.1714285714285713,1.2,29.157142857142855,31.7,26.771428571428572,9.857142857142858,32.24285714285714,33,13,10
2014-07-27,634.0,3.9714285714285715,2.2,3.857142857142857,3.942857142857143,29.47142857142857,32.24285714285714,27.071428571428573,11.442857142857141,33.98571428571429,25,12,8
2014-08-03,484.0,6.542857142857143,4.771428571428571,5.0,5.114285714285714,28.271428571428572,31.2,24.942857142857143,8.471428571428572,37.699999999999996,27,10,7
2014-08-10,545.0,2.8857142857142857,2.1999999999999997,2.3714285714285714,2.5714285714285716,27.8,30.37142857142857,25.314285714285713,8.814285714285715,40.357142857142854,26,9,5
2014-08-17,438.0,6.514285714285714,5.085714285714286,5.8,6.2,27.271428571428572,29.457142857142856,25.457142857142856,7.528571428571429,30.342857142857145,24,10,9
2014-08-24,418.0,3.542857142857143,3.085714285714286,3.142857142857143,3.142857142857143,28.12857142857143,31.2,25.928571428571427,10.157142857142857,35.22857142857143,19,6,6
2014-08-31,367.0,19.8,15.857142857142858,18.685714285714287,19.17142857142857,27.014285714285712,30.314285714285713,23.8,7.371428571428572,35.642857142857146,17,5,5
2014-09-07,339.0,1.4285714285714286,0.8571428571428571,1.3142857142857143,1.4,28.085714285714285,31.571428571428573,25.185714285714287,8.371428571428572,32.24285714285715,15,4,3
2014-09-14,362.0,0.7999999999999999,0.7714285714285715,0.7999999999999999,0.7999999999999999,28.5,31.542857142857144,25.62857142857143,9.214285714285714,35.32857142857143,17,4,4
2014-09-21,397.0,5.028571428571429,4.514285714285714,4.914285714285714,4.971428571428571,28.82857142857143,32.24285714285714,25.985714285714288,11.357142857142858,40.728571428571435,12,3,1
2014-09-28,345.0,4.685714285714285,2.857142857142857,3.057142857142857,3.3428571428571425,28.457142857142856,32.028571428571425,25.599999999999998,11.057142857142859,41.0,16,3,4
2014-10-05,339.0,0.9428571428571428,0.7142857142857143,0.8571428571428571,0.9428571428571428,28.514285714285712,31.614285714285717,26.12857142857143,10.37142857142857,34.65714285714286,14,4,4
2014-10-12,278.0,0.0,0.0,0.0,0.0,28.985714285714288,32.228571428571435,26.900000000000002,10.085714285714285,29.571428571428573,11,3,3
2014-10-19,297.0,5.4,2.6285714285714286,3.085714285714286,4.0285714285714285,28.214285714285715,32.55714285714286,25.428571428571427,7.214285714285714,31.642857142857142,13,3,3
2014-10-26,213.0,1.5142857142857142,0.5999999999999999,0.9428571428571428,1.1714285714285713,28.214285714285715,31.67142857142857,25.457142857142856,7.514285714285714,27.985714285714288,15,4,4
2014-11-02,186.0,9.914285714285713,8.028571428571428,9.228571428571428,9.257142857142856,28.32857142857143,32.57142857142857,25.12857142857143,6.3428571428571425,29.957142857142856,9,2,3
2014-11-09,169.0,14.028571428571428,7.485714285714286,8.2,8.971428571428572,27.728571428571428,32.01428571428571,24.5,7.057142857142857,33.528571428571425,11,3,1
2014-11-16,158.0,13.285714285714286,9.542857142857143,12.228571428571428,12.714285714285714,27.042857142857144,31.485714285714288,24.271428571428572,5.971428571428571,34.199999999999996,9,3,3
2014-11-23,149.0,1.8285714285714287,1.0285714285714287,1.2857142857142858,1.4000000000000001,27.24285714285714,31.142857142857142,25.24285714285714,6.571428571428571,28.642857142857142,12,4,3
2014-11-30,162.0,6.057142857142857,4.8,5.742857142857142,5.771428571428571,27.599999999999998,31.657142857142855,25.014285714285712,6.1571428571428575,27.099999999999998,11,3,2
2014-12-07,212.0,15.4,10.885714285714286,12.428571428571429,13.571428571428571,27.214285714285715,31.314285714285713,24.071428571428573,5.485714285714286,31.72857142857143,10,4,6
2014-12-14,177.0,0.0,0.0,0.0,0.0,28.214285714285715,31.75714285714286,25.585714285714285,9.428571428571429,31.3,10,3,4
2014-12-21,198.0,5.571428571428571,3.057142857142857,3.4285714285714284,4.314285714285714,26.885714285714283,30.428571428571427,24.914285714285715,7.328571428571428,29.62857142857143,9,3,1
2014-12-28,188.0,13.828571428571427,6.428571428571429,8.17142857142857,10.285714285714286,26.428571428571427,30.02857142857143,24.514285714285712,6.1571428571428575,25.87142857142857,11,4,3
2015-01-04,207.5,0.37142857142857144,0.2571428571428571,0.34285714285714286,0.34285714285714286,26.428571428571427,29.400000000000002,24.585714285714285,9.014285714285714,32.08571428571428,10,4,3
2015-01-11,228.0,11.285714285714286,7.514285714285714,8.685714285714285,10.742857142857144,26.285714285714285,30.342857142857145,24.17142857142857,7.5,27.87142857142857,11,5,4
2015-01-18,237.0,0.0,0.0,0.0,0.0,27.12857142857143,30.97142857142857,24.657142857142855,12.3,36.0,10,4,3
2015-01-25,259.0,0.0,0.0,0.0,0.0,27.0,30.714285714285715,24.957142857142856,14.085714285714285,36.25714285714286,11,4,3
2015-02-01,212.0,0.0,0.0,0.0,0.0,26.985714285714288,31.057142857142857,24.585714285714285,12.071428571428571,34.77142857142857,10,3,3
2015-02-08,173.0,2.1142857142857143,1.342857142857143,1.5999999999999999,1.9714285714285715,26.285714285714285,29.87142857142857,24.228571428571428,12.457142857142857,39.857142857142854,9,4,2
2015-02-15,100.0,0.0,0.0,0.0,0.0,26.714285714285715,30.957142857142856,24.0,10.914285714285715,32.4,7,2,1
2015-02-22,172.0,0.5714285714285714,0.37142857142857144,0.37142857142857144,0.5142857142857143,27.314285714285713,31.885714285714283,24.542857142857144,12.914285714285715,33.52857142857143,10,4,2
2015-03-01,190.0,0.0,0.0,0.0,0.0,27.857142857142858,32.614285714285714,25.085714285714285,12.685714285714285,34.75714285714286,9,3,2
2015-03-08,110.0,2.0,1.6857142857142857,1.8571428571428572,2.0,28.085714285714285,33.24285714285714,24.82857142857143,10.085714285714285,32.24285714285715,11,4,1
2015-03-15,91.0,6.571428571428571,3.3714285714285714,3.6,4.257142857142857,27.62857142857143,31.599999999999998,25.114285714285717,10.928571428571429,36.142857142857146,9,2,3
2015-03-22,130.0,0.9142857142857144,0.9142857142857144,0.9142857142857144,0.9142857142857144,28.3,32.714285714285715,25.75714285714286,10.342857142857142,31.17142857142857,9,3,2
2015-03-29,91.0,1.3142857142857143,0.8571428571428571,0.8857142857142858,1.1142857142857143,28.542857142857144,32.25714285714286,26.25714285714286,12.542857142857143,35.642857142857146,8,3,2
2015-04-05,107.0,6.257142857142858,4.857142857142857,5.057142857142857,5.6000000000000005,27.82857142857143,32.48571428571429,25.357142857142858,7.214285714285714,29.52857142857143,10,3,2
2015-04-12,137.0,0.2857142857142857,0.2571428571428572,0.2857142857142857,0.2857142857142857,28.900000000000002,33.1,26.442857142857143,9.614285714285714,30.842857142857138,9,2,1
2015-04-19,113.0,1.257142857142857,0.6857142857142857,1.0,1.257142857142857,29.242857142857144,33.68571428571429,26.214285714285715,9.942857142857141,33.214285714285715,11,2,3
2015-04-26,120.0,3.3714285714285714,1.8,2.7428571428571433,3.0,28.62857142857143,33.3,25.785714285714285,7.542857142857143,31.02857142857143,8,3,2
2015-05-03,135.0,6.057142857142857,3.514285714285714,4.285714285714286,5.228571428571428,27.814285714285713,32.357142857142854,25.12857142857143,5.442857142857143,29.685714285714287,10,4,2
2015-05-10,158.0,1.5999999999999999,1.4857142857142858,1.5714285714285714,1.5999999999999999,28.657142857142855,32.17142857142857,26.314285714285713,8.4,32.41428571428571,12,5,3
2015-05-17,109.0,4.2,3.8857142857142857,3.9142857142857146,3.9714285714285715,28.87142857142857,32.34285714285714,26.52857142857143,8.885714285714286,31.614285714285717,12,4,4
2015-05-24,180.0,1.1142857142857143,0.37142857142857144,0.5714285714285714,0.942857142857143,28.74285714285714,31.7,26.685714285714287,8.714285714285714,35.17142857142857,12,5,2
2015-05-31,152.0,0.2857142857142857,0.14285714285714285,0.19999999999999998,0.19999999999999998,29.214285714285715,32.68571428571429,26.900000000000002,10.585714285714285,41.4,11,4,2
2015-06-07,193.0,6.457142857142857,4.114285714285714,4.542857142857143,5.171428571428572,28.957142857142856,33.01428571428571,25.928571428571427,8.22857142857143,32.285714285714285,10,4,3
2015-06-14,207.0,4.8,2.628571428571429,3.142857142857143,3.2285714285714286,28.0,30.857142857142858,25.642857142857142,6.8428571428571425,31.071428571428573,13,6,3
2015-06-21,240.0,0.6,0.5714285714285714,0.6,0.6,28.928571428571427,31.342857142857145,26.814285714285713,10.0,31.728571428571428,14,4,3
2015-06-28,242.0,1.8285714285714287,1.8285714285714287,1.8285714285714287,1.8285714285714287,29.885714285714283,32.68571428571429,27.771428571428572,14.085714285714285,35.31428571428571,13,4,2
2015-07-05,272.0,4.142857142857143,3.142857142857143,3.8857142857142857,4.142857142857143,29.042857142857144,31.614285714285717,26.042857142857144,10.228571428571428,36.714285714285715,13,5,3
2015-07-12,263.0,4.857142857142857,4.2,4.828571428571429,4.857142857142857,29.114285714285717,31.8,26.400000000000002,10.928571428571429,31.214285714285715,13,5,3
2015-07-19,293.0,6.799999999999999,6.2,6.685714285714285,6.771428571428571,29.271428571428572,32.07142857142857,27.385714285714283,13.071428571428571,38.6,15,4,2
2015-07-26,250.0,0.5714285714285714,0.45714285714285713,0.45714285714285713,0.45714285714285713,29.228571428571428,32.17142857142857,26.82857142857143,13.1,38.74285714285714,13,4,2
2015-08-02,226.0,0.5428571428571429,0.19999999999999998,0.31428571428571433,0.3714285714285714,28.414285714285715,31.62857142857143,26.385714285714283,11.742857142857144,42.48571428571428,10,3,2
2015-08-09,221.0,13.799999999999999,9.799999999999999,10.714285714285714,11.228571428571428,27.414285714285715,30.12857142857143,24.271428571428572,8.985714285714286,31.728571428571428,11,3,1
2015-08-16,250.0,9.171428571428573,4.3428571428571425,6.971428571428571,8.371428571428572,28.428571428571427,31.25714285714286,26.428571428571427,12.285714285714286,39.285714285714285,11,4,3
2015-08-23,225.0,0.0,0.0,0.0,0.0,28.914285714285715,31.857142857142858,27.014285714285712,12.085714285714285,34.5,10,3,3
2015-08-30,246.0,3.3428571428571425,2.8857142857142857,3.3428571428571425,3.3428571428571425,28.928571428571427,31.685714285714287,26.514285714285712,13.571428571428571,34.75714285714286,9,4,2
2015-09-06,217.0,0.05714285714285715,0.028571428571428574,0.028571428571428574,0.028571428571428574,29.228571428571428,32.4,27.37142857142857,14.557142857142859,34.614285714285714,11,4,1
2015-09-13,303.0,2.4857142857142853,1.8857142857142857,2.4,2.4857142857142853,28.442857142857143,31.657142857142862,26.071428571428573,10.357142857142858,32.44285714285714,12,3,2
2015-09-20,214.0,4.971428571428571,3.142857142857143,3.857142857142857,4.457142857142857,28.414285714285715,31.2,26.2,10.928571428571429,32.44285714285714,11,4,1
2015-09-27,257.0,0.6857142857142857,0.6857142857142857,0.6857142857142857,0.6857142857142857,28.914285714285715,31.82857142857143,26.814285714285713,8.757142857142856,29.557142857142857,13,4,3
2015-10-04,235.0,4.685714285714285,3.0285714285714285,3.1714285714285717,3.3142857142857145,28.32857142857143,31.585714285714285,25.642857142857142,8.671428571428573,32.81428571428571,12,4,2
2015-10-11,235.0,2.942857142857143,2.5714285714285707,2.6,2.6,28.485714285714288,32.07142857142857,25.785714285714285,8.1,30.74285714285714,10,4,2
2015-10-18,224.0,1.1142857142857143,0.7714285714285715,1.1142857142857143,1.1142857142857143,29.114285714285717,32.6,26.485714285714288,9.985714285714286,28.74285714285714,11,4,3
2015-10-25,246.0,0.08571428571428572,0.1142857142857143,0.1142857142857143,0.14285714285714285,29.17142857142857,32.371428571428574,26.97142857142857,11.285714285714286,34.24285714285714,12,4,3
2015-11-01,266.0,4.257142857142857,0.6285714285714287,0.7999999999999999,0.7999999999999999,27.914285714285715,32.08571428571429,25.099999999999998,7.1571428571428575,34.08571428571428,12,5,2
2015-11-08,198.0,0.22857142857142856,0.22857142857142856,0.22857142857142856,0.22857142857142856,28.12857142857143,32.2,25.82857142857143,5.914285714285714,27.471428571428568,11,4,3
2015-11-15,254.0,0.19999999999999998,0.19999999999999998,0.19999999999999998,0.19999999999999998,28.157142857142855,32.25714285714286,25.957142857142856,6.6571428571428575,27.257142857142856,11,4,3
2015-11-22,286.0,1.657142857142857,1.0857142857142856,1.1142857142857143,1.1428571428571428,27.842857142857145,31.5,25.47142857142857,6.785714285714286,30.67142857142857,11,3,4
2015-11-29,259.0,4.571428571428571,2.4857142857142853,3.314285714285714,4.057142857142858,27.82857142857143,32.2,25.099999999999998,6.957142857142856,27.7,12,4,3
2015-12-06,357.0,9.257142857142856,6.942857142857143,8.828571428571427,9.171428571428573,27.87142857142857,32.34285714285714,25.099999999999998,7.028571428571429,32.142857142857146,16,5,4
2015-12-13,333.0,17.914285714285715,8.77142857142857,10.457142857142857,14.428571428571429,27.37142857142857,31.271428571428572,24.642857142857142,6.8428571428571425,30.3,16,6,5
2015-12-20,372.0,1.257142857142857,1.1714285714285713,1.257142857142857,1.257142857142857,27.942857142857143,31.25714285714286,25.428571428571427,8.22857142857143,31.314285714285713,12,5,3
2015-12-27,458.0,10.085714285714287,6.371428571428572,8.257142857142856,9.428571428571429,27.942857142857143,31.75714285714286,24.942857142857143,8.328571428571427,32.0,20,7,6
2016-01-03,549.0,16.62857142857143,7.0857142857142845,9.6,11.485714285714286,26.814285714285713,29.74285714285714,24.614285714285717,9.257142857142856,39.34285714285714,25,8,6
2016-01-10,628.0,0.2571428571428572,0.2571428571428572,0.2571428571428572,0.2571428571428572,28.514285714285712,32.028571428571425,26.114285714285717,11.257142857142856,31.47142857142857,27,9,6
2016-01-17,636.0,7.3428571428571425,5.771428571428572,6.628571428571428,7.028571428571429,28.400000000000002,32.31428571428571,26.0,8.971428571428572,30.11428571428571,25,7,4
2016-01-24,630.0,0.8571428571428571,0.7714285714285715,0.7999999999999999,0.8285714285714285,28.52857142857143,32.05714285714286,26.514285714285712,10.028571428571428,33.528571428571425,37,10,8
2016-01-31,530.0,1.3714285714285714,0.7999999999999999,0.8285714285714285,0.9142857142857144,28.614285714285717,32.142857142857146,26.271428571428572,11.614285714285714,38.771428571428565,33,11,8
2016-02-07,420.0,5.571428571428571,1.9714285714285715,2.5428571428571423,2.942857142857143,28.185714285714287,31.571428571428573,25.814285714285713,11.685714285714285,35.114285714285714,30,9,8
2016-02-14,593.0,0.31428571428571433,0.2571428571428572,0.2857142857142857,0.31428571428571433,27.62857142857143,30.47142857142857,25.74285714285714,10.542857142857143,31.128571428571426,29,12,7
2016-02-21,512.0,10.428571428571429,2.5142857142857147,3.1999999999999997,3.542857142857143,27.542857142857144,30.9,25.428571428571427,11.514285714285714,38.05714285714286,26,11,8
2016-02-28,412.0,10.257142857142856,3.4857142857142853,6.371428571428572,7.914285714285714,27.857142857142858,31.385714285714283,25.285714285714285,12.342857142857143,39.542857142857144,24,8,6
2016-03-06,397.0,0.05714285714285715,0.028571428571428574,0.05714285714285715,0.05714285714285715,28.571428571428573,31.942857142857143,26.542857142857144,13.571428571428571,39.08571428571428,20,7,4
2016-03-13,374.0,0.6571428571428571,0.5714285714285714,0.6,0.6285714285714287,28.928571428571427,33.042857142857144,26.614285714285717,10.6,30.32857142857143,19,6,4
2016-03-20,308.0,0.0,0.0,0.0,0.0,28.985714285714288,33.271428571428565,26.271428571428572,11.214285714285714,30.67142857142857,15,5,3
2016-03-27,377.0,0.17142857142857143,0.17142857142857143,0.17142857142857143,0.17142857142857143,29.12857142857143,33.57142857142857,26.67142857142857,10.528571428571428,34.2,20,7,4
2016-04-03,292.0,1.0857142857142856,1.0857142857142856,1.0857142857142856,1.0857142857142856,29.442857142857143,33.642857142857146,26.785714285714285,13.228571428571428,35.5,20,7,3
2016-04-10,225.0,1.0571428571428572,0.7142857142857143,0.8857142857142858,1.0285714285714287,29.3,33.457142857142856,26.571428571428573,9.271428571428572,31.514285714285712,16,5,3
2016-04-17,231.0,3.4,2.8000000000000003,3.0285714285714285,3.3142857142857145,29.657142857142855,33.3,26.685714285714287,7.571428571428571,33.17142857142857,13,3,3
2016-04-24,244.0,2.0571428571428574,1.8285714285714285,1.8285714285714285,1.8571428571428572,29.900000000000002,33.67142857142857,27.285714285714285,9.4,34.3,13,3,3
2016-05-01,181.0,5.228571428571429,4.114285714285715,4.4,4.4,28.942857142857143,33.028571428571425,26.157142857142855,6.385714285714286,28.228571428571428,13,3,4
2016-05-08,217.0,0.08571428571428572,0.08571428571428572,0.08571428571428572,0.08571428571428572,29.842857142857145,33.699999999999996,27.457142857142856,8.085714285714285,33.542857142857144,13,3,3
2016-05-15,212.0,3.6,2.7142857142857144,2.8000000000000003,3.5142857142857147,29.285714285714285,33.31428571428571,26.75714285714286,6.942857142857143,37.271428571428565,14,3,4
2016-05-22,198.0,17.914285714285715,12.457142857142856,14.37142857142857,17.0,28.771428571428572,32.67142857142857,25.7,7.042857142857143,35.94285714285714,17,3,4
2016-05-29,220.0,4.514285714285714,3.142857142857143,3.2857142857142856,4.514285714285714,29.47142857142857,32.34285714285714,26.47142857142857,8.071428571428571,31.285714285714285,16,2,4
2016-06-05,160.0,2.2285714285714286,1.457142857142857,1.657142857142857,1.8,28.24285714285714,31.542857142857144,25.814285714285713,6.485714285714286,31.485714285714288,15,3,5
2016-06-12,193.0,2.9428571428571426,2.085714285714286,2.6571428571428575,2.8857142857142857,28.785714285714285,32.0,26.357142857142858,6.928571428571429,35.128571428571426,12,3,4
2016-06-19,215.0,9.6,6.371428571428572,7.742857142857142,7.857142857142857,27.87142857142857,30.942857142857143,25.47142857142857,6.042857142857143,30.17142857142857,12,4,4
2016-06-26,234.0,10.114285714285714,6.428571428571428,7.771428571428571,8.485714285714284,28.428571428571427,31.514285714285712,25.542857142857144,7.414285714285714,31.685714285714283,16,5,4
2016-07-03,247.0,0.0,0.0,0.0,0.0,29.785714285714285,32.5,27.814285714285713,10.585714285714285,29.52857142857143,13,3,5
2016-07-10,223.0,0.9142857142857144,0.9142857142857144,0.9142857142857144,0.9142857142857144,29.62857142857143,32.51428571428572,27.071428571428573,10.657142857142857,32.857142857142854,16,5,3
2016-07-17,266.0,0.8285714285714285,0.5142857142857143,0.6,0.7142857142857143,28.17142857142857,31.75714285714286,25.728571428571428,6.485714285714286,35.028571428571425,17,4,3
2016-07-24,222.0,21.428571428571427,12.771428571428572,15.714285714285714,19.657142857142855,27.142857142857142,31.17142857142857,24.12857142857143,6.542857142857144,29.485714285714288,17,5,6
2016-07-31,211.0,0.9142857142857144,0.6857142857142857,0.8571428571428571,0.8857142857142856,28.02857142857143,30.82857142857143,25.47142857142857,6.685714285714285,32.92857142857143,18,4,3
2016-08-07,198.0,4.857142857142857,4.285714285714286,4.685714285714285,4.8,28.514285714285712,31.5,25.614285714285717,8.285714285714286,35.74285714285714,11,5,2
2016-08-14,222.0,1.0285714285714287,1.0285714285714287,1.0285714285714287,1.0285714285714287,29.228571428571428,32.128571428571426,27.042857142857144,7.457142857142857,30.800000000000004,14,4,3
2016-08-21,274.0,6.285714285714286,4.657142857142857,5.8,6.228571428571429,29.157142857142855,31.771428571428572,26.071428571428573,11.157142857142857,35.94285714285714,13,3,3
2016-08-28,311.0,4.542857142857143,3.4285714285714284,4.114285714285714,4.428571428571429,28.985714285714288,32.285714285714285,26.17142857142857,6.957142857142857,31.071428571428573,32,6,6
2016-09-04,242.0,3.9428571428571426,3.0,3.057142857142857,3.1142857142857143,28.285714285714285,31.67142857142857,25.599999999999998,6.728571428571429,33.642857142857146,22,4,3
2016-09-11,174.0,4.0285714285714285,3.342857142857143,3.7714285714285714,3.8857142857142857,28.099999999999998,31.071428571428573,25.52857142857143,7.5,37.91428571428571,16,3,3
2016-09-18,173.0,8.542857142857143,4.428571428571429,5.485714285714286,5.857142857142857,27.957142857142856,31.542857142857144,24.142857142857142,6.7,37.58571428571429,14,3,2
2016-09-25,138.0,2.6142857142857143,1.4000000000000001,2.0,2.2,28.428571428571427,32.528571428571425,25.12857142857143,7.242857142857143,30.442857142857143,11,3,2
2016-10-02,125.0,1.0285714285714287,0.8857142857142858,0.9714285714285714,1.0,28.814285714285713,33.1,25.842857142857145,6.414285714285714,32.48571428571429,13,2,1
2016-10-09,94.0,14.0,8.542857142857143,11.885714285714286,12.200000000000001,27.928571428571427,31.25714285714286,24.428571428571427,5.814285714285715,32.81428571428572,12,1,1
2016-10-16,108.0,0.9714285714285714,0.7142857142857143,0.7428571428571429,0.7999999999999999,29.52857142857143,33.457142857142856,26.285714285714285,8.171428571428573,33.44285714285714,11,2,3
2016-10-23,84.0,4.057142857142857,3.257142857142857,3.6000000000000005,3.742857142857143,28.7,32.2,25.571428571428573,7.042857142857144,34.114285714285714,10,2,3
2016-10-30,86.0,6.828571428571428,3.9714285714285715,4.685714285714286,4.971428571428571,26.942857142857143,31.02857142857143,24.271428571428572,5.385714285714286,29.114285714285717,10,2,1
2016-11-06,84.0,8.514285714285714,4.828571428571428,6.2,6.857142857142857,27.75714285714286,31.099999999999998,25.057142857142857,6.1000000000000005,29.97142857142857,7,1,1
2016-11-13,72.0,13.000000000000002,5.628571428571428,9.314285714285715,10.799999999999999,27.428571428571427,30.928571428571427,24.8,5.742857142857143,30.128571428571426,7,2,2
2016-11-20,75.0,18.4,10.228571428571428,14.685714285714285,16.4,27.114285714285717,30.599999999999998,24.442857142857143,5.614285714285714,31.157142857142855,8,3,2
2016-11-27,86.0,1.4285714285714286,0.7142857142857143,0.8857142857142858,1.2,27.657142857142855,30.728571428571428,25.32857142857143,6.314285714285715,27.357142857142858,8,1,1
2016-12-04,59.0,5.714285714285714,3.7142857142857144,4.628571428571429,4.771428571428571,27.3,30.285714285714285,25.171428571428574,6.528571428571429,23.97142857142857,6,1,1
2016-12-11,81.0,12.685714285714285,9.342857142857143,9.742857142857142,9.914285714285713,27.67142857142857,31.82857142857143,24.514285714285712,6.871428571428572,31.82857142857143,7,2,1
2016-12-18,72.0,4.942857142857143,3.485714285714286,3.6285714285714286,3.6571428571428575,27.928571428571427,32.4,25.142857142857142,7.2,31.871428571428574,5,2,2
2016-12-25,64.0,17.742857142857144,9.428571428571429,12.171428571428573,15.942857142857145,27.385714285714283,32.214285714285715,24.685714285714287,7.728571428571429,35.75714285714286,6,0,0
2017-01-01,70.0,0.9428571428571428,0.39999999999999997,0.4857142857142857,0.6,26.728571428571428,30.37142857142857,24.52857142857143,7.928571428571429,29.314285714285713,13,6,3
2017-01-08,91.0,0.6857142857142857,0.5428571428571428,0.6571428571428571,0.6571428571428571,27.67142857142857,31.585714285714285,25.185714285714287,7.1571428571428575,28.542857142857144,12,3,1
2017-01-15,75.0,5.8,5.085714285714286,5.285714285714286,5.457142857142857,27.5,31.928571428571427,24.985714285714288,7.614285714285715,30.91428571428571,12,4,3
2017-01-22,66.0,9.6,8.22857142857143,9.285714285714286,9.428571428571429,26.685714285714287,30.75714285714286,24.24285714285714,7.614285714285714,30.285714285714285,9,3,3
2017-01-29,62.0,11.685714285714285,2.485714285714286,3.0285714285714285,4.0285714285714285,26.0,28.842857142857145,24.157142857142855,8.657142857142857,32.65714285714286,9,0,0
2017-02-05,77.0,9.685714285714285,6.914285714285714,8.657142857142857,9.514285714285714,26.8,30.900000000000002,24.75714285714286,7.771428571428571,28.914285714285715,11,4,4
2017-02-12,53.0,5.171428571428571,3.257142857142857,3.742857142857143,4.428571428571429,26.842857142857145,30.614285714285717,24.67142857142857,9.971428571428572,34.17142857142857,9,1,3
2017-02-19,54.0,2.7142857142857144,0.9714285714285714,1.2857142857142858,1.6285714285714288,26.75714285714286,30.228571428571428,24.685714285714287,13.785714285714286,39.32857142857143,11,4,1
2017-02-26,41.0,4.971428571428571,1.7142857142857142,2.685714285714286,3.5142857142857147,27.057142857142857,30.885714285714283,24.75714285714286,9.057142857142857,32.08571428571428,11,3,1
2017-03-05,32.0,7.3428571428571425,2.3428571428571425,2.742857142857143,3.6,26.557142857142857,29.642857142857142,24.3,11.0,34.57142857142857,11,3,3
2017-03-12,35.0,0.0,0.0,0.0,0.0,27.17142857142857,30.97142857142857,24.82857142857143,10.842857142857143,30.099999999999998,13,4,2
2017-03-19,32.0,0.0,0.0,0.0,0.0,27.928571428571427,31.900000000000002,25.357142857142858,8.542857142857143,30.400000000000002,10,2,3
2017-03-26,50.0,3.114285714285714,1.2857142857142858,1.3428571428571427,2.057142857142857,28.085714285714285,31.82857142857143,25.585714285714285,8.228571428571428,28.47142857142857,11,2,5
2017-04-02,37.0,11.085714285714285,7.542857142857143,9.114285714285714,10.057142857142859,26.857142857142858,31.24285714285714,24.400000000000002,6.028571428571429,32.77142857142857,13,3,3
2017-04-09,32.0,7.114285714285714,5.314285714285715,6.257142857142857,6.771428571428571,27.928571428571427,32.3,25.071428571428573,6.285714285714286,31.02857142857143,8,2,2
2017-04-16,51.0,4.942857142857143,1.9428571428571428,3.4285714285714284,4.2,27.914285714285715,31.25714285714286,24.914285714285715,7.214285714285714,29.114285714285717,11,4,3
2017-04-23,37.0,5.3999999999999995,3.4285714285714284,4.457142857142857,5.228571428571428,28.085714285714285,32.15714285714286,25.185714285714287,5.985714285714286,27.814285714285713,8,4,1
2017-04-30,42.0,11.142857142857142,7.228571428571429,10.171428571428569,11.028571428571428,27.514285714285712,31.32857142857143,24.914285714285715,6.1000000000000005,26.37142857142857,11,2,5
2017-05-07,48.0,4.3428571428571425,3.8000000000000003,3.9714285714285715,3.9714285714285715,28.457142857142856,31.414285714285715,25.97142857142857,6.471428571428571,30.042857142857144,9,3,3
2017-05-14,50.0,2.857142857142857,1.342857142857143,2.028571428571429,2.3714285714285714,28.442857142857143,31.271428571428572,26.2,7.785714285714286,29.585714285714285,11,3,2
2017-05-21,50.0,5.114285714285714,4.257142857142857,4.885714285714286,5.114285714285714,28.97142857142857,31.771428571428572,26.599999999999998,9.985714285714286,35.31428571428572,15,3,4
2017-05-28,66.0,6.6571428571428575,2.5714285714285716,3.7142857142857144,4.6000000000000005,28.12857142857143,31.157142857142855,25.385714285714283,9.214285714285714,33.642857142857146,13,4,4
2017-06-04,62.0,9.542857142857143,4.057142857142857,6.571428571428571,7.142857142857143,28.67142857142857,31.642857142857142,25.928571428571427,8.7,30.8,11,4,5
2017-06-11,80.0,0.028571428571428574,0.028571428571428574,0.028571428571428574,0.028571428571428574,29.314285714285717,32.25714285714286,27.442857142857143,11.200000000000001,29.385714285714283,14,4,3
2017-06-18,73.0,3.142857142857143,2.4,2.6285714285714286,2.7142857142857144,28.571428571428573,32.128571428571426,25.942857142857143,8.585714285714285,32.18571428571429,11,2,2
2017-06-25,75.0,10.37142857142857,7.571428571428571,9.571428571428571,10.171428571428573,27.900000000000002,30.714285714285715,24.32857142857143,6.8428571428571425,33.01428571428571,10,4,1
2017-07-02,63.0,0.4571428571428572,0.31428571428571433,0.34285714285714286,0.4,27.942857142857143,31.0,25.728571428571428,7.957142857142857,28.085714285714285,12,4,3
2017-07-09,53.0,4.6571428571428575,2.6,3.4857142857142853,4.4,27.8,30.400000000000002,24.87142857142857,8.071428571428571,31.842857142857145,14,5,6
2017-07-16,51.0,6.4,3.028571428571429,4.0285714285714285,4.4,27.25714285714286,30.099999999999998,24.785714285714285,7.814285714285715,37.785714285714285,12,5,2
2017-07-23,67.0,0.0,0.0,0.0,0.0,28.74285714285714,31.357142857142858,26.771428571428572,11.671428571428573,30.75714285714286,12,3,2
2017-07-30,60.0,0.34285714285714286,0.31428571428571433,0.31428571428571433,0.34285714285714286,29.099999999999998,31.814285714285717,27.0,13.057142857142859,37.699999999999996,9,0,3
2017-08-06,56.0,0.2285714285714286,0.2285714285714286,0.2285714285714286,0.2285714285714286,29.25714285714286,32.3,27.442857142857143,14.457142857142857,37.714285714285715,10,4,2
2017-08-13,53.0,3.057142857142857,1.9428571428571428,2.5142857142857147,2.7142857142857144,27.542857142857144,30.185714285714287,25.17142857142857,8.242857142857144,32.9,13,6,2
2017-08-20,52.0,6.942857142857142,4.514285714285714,5.571428571428571,6.2,27.814285714285717,31.314285714285713,25.214285714285715,10.12857142857143,36.471428571428575,12,3,2
2017-08-27,33.0,1.1714285714285713,0.8857142857142856,1.0,1.0857142857142856,28.228571428571428,30.7,26.2,11.485714285714286,35.5,8,2,1
2017-09-03,40.0,0.6285714285714287,0.6,0.6,0.6,28.271428571428572,31.285714285714285,26.32857142857143,11.742857142857144,35.371428571428574,10,4,3
2017-09-10,53.0,5.3428571428571425,3.1999999999999997,3.4857142857142853,3.8,27.842857142857145,30.942857142857143,25.542857142857144,7.957142857142857,39.042857142857144,9,2,1
2017-09-17,59.0,5.171428571428572,3.3714285714285714,3.914285714285714,4.000000000000001,28.214285714285715,31.271428571428572,25.485714285714288,8.785714285714286,32.31428571428571,11,4,2
2017-09-24,39.0,5.685714285714286,3.3999999999999995,3.685714285714286,4.428571428571429,27.5,31.12857142857143,24.457142857142856,7.3999999999999995,36.714285714285715,12,4,3
2017-10-01,52.0,2.0,1.542857142857143,1.7428571428571427,1.8285714285714285,27.728571428571428,31.157142857142855,25.47142857142857,6.428571428571429,29.728571428571428,11,5,1
2017-10-08,55.0,4.314285714285715,2.7142857142857144,2.971428571428571,3.2285714285714286,27.428571428571427,31.314285714285713,25.042857142857144,6.642857142857143,30.2,10,4,3
2017-10-15,63.0,7.6000000000000005,6.3999999999999995,6.971428571428571,7.142857142857143,28.085714285714285,31.728571428571428,24.557142857142857,6.7,34.41428571428572,14,5,5
2017-10-22,77.0,0.1142857142857143,0.1142857142857143,0.1142857142857143,0.1142857142857143,29.157142857142855,32.74285714285714,26.785714285714285,7.2,28.385714285714283,12,3,2
2017-10-29,62.0,4.542857142857143,4.257142857142857,4.3428571428571425,4.371428571428572,27.400000000000002,31.67142857142857,24.82857142857143,5.414285714285714,27.0,12,2,2
2017-11-05,44.0,1.8000000000000003,0.8285714285714285,1.0,1.2285714285714284,27.32857142857143,30.52857142857143,24.614285714285717,6.485714285714286,28.957142857142856,11,4,3
2017-11-12,50.0,18.542857142857144,11.285714285714286,13.542857142857143,15.4,26.485714285714288,30.75714285714286,24.099999999999998,5.671428571428572,30.5,12,3,2
2017-11-19,24.0,11.714285714285714,6.914285714285714,8.685714285714285,9.457142857142857,27.271428571428572,31.02857142857143,24.485714285714288,6.085714285714286,34.57142857142857,10,4,2
2017-11-26,38.0,4.6000000000000005,2.9714285714285715,3.085714285714286,3.542857142857143,26.97142857142857,30.37142857142857,24.685714285714287,6.442857142857143,28.714285714285715,12,4,3
2017-12-03,34.0,2.771428571428572,1.457142857142857,1.8285714285714285,2.5142857142857147,27.542857142857144,31.32857142857143,25.314285714285713,7.657142857142857,30.485714285714288,13,4,1
2017-12-10,40.0,8.914285714285713,4.171428571428572,5.742857142857143,6.942857142857142,27.042857142857144,30.657142857142855,24.75714285714286,7.042857142857143,26.271428571428572,12,4,2
2017-12-17,51.0,18.62857142857143,10.171428571428573,13.571428571428571,15.857142857142858,26.842857142857145,31.37142857142857,24.342857142857145,7.728571428571429,29.357142857142858,10,3,1
2017-12-24,66.0,8.057142857142857,4.914285714285714,6.628571428571429,7.571428571428571,27.057142857142857,30.657142857142855,24.75714285714286,9.828571428571427,33.24285714285714,6,2,1
2017-12-31,53.38461538461539,17.2,8.342857142857143,9.285714285714286,11.171428571428569,26.52857142857143,29.87142857142857,24.342857142857145,8.6,33.128571428571426,9,3,2
2018-01-07,83.0,5.171428571428572,1.342857142857143,2.1714285714285713,2.4285714285714284,26.085714285714285,28.928571428571427,24.342857142857145,6.985714285714286,26.599999999999998,15,5,3
2018-01-14,68.0,20.942857142857143,6.0,8.6,11.914285714285715,24.5,26.7,22.785714285714285,7.985714285714287,28.685714285714287,10,3,3
2018-01-21,54.0,3.9142857142857146,3.1428571428571432,3.7714285714285714,3.8000000000000003,26.599999999999998,31.02857142857143,24.157142857142855,8.128571428571428,29.942857142857143,14,4,2
2018-01-28,45.0,4.771428571428571,2.942857142857143,3.542857142857143,4.114285714285714,26.771428571428572,31.342857142857145,24.728571428571428,6.714285714285714,29.04285714285714,10,4,1
2018-02-04,48.0,8.142857142857142,4.542857142857143,5.742857142857143,6.971428571428572,27.02857142857143,31.12857142857143,24.47142857142857,11.014285714285714,38.785714285714285,9,4,3
2018-02-11,50.0,0.0,0.0,0.0,0.0,26.5,30.17142857142857,24.2,13.228571428571428,37.285714285714285,9,4,3
2018-02-18,28.0,0.028571428571428574,0.028571428571428574,0.028571428571428574,0.028571428571428574,27.25714285714286,31.72857142857143,24.614285714285717,11.714285714285714,33.58571428571428,10,3,2
2018-02-25,39.0,0.14285714285714285,0.1142857142857143,0.14285714285714285,0.14285714285714285,27.614285714285717,32.142857142857146,25.157142857142855,11.785714285714286,33.4,8,2,2
2018-03-04,51.0,0.4571428571428572,0.37142857142857144,0.37142857142857144,0.37142857142857144,28.042857142857144,32.457142857142856,25.571428571428573,10.87142857142857,31.485714285714288,10,3,2
2018-03-11,37.0,3.0857142857142854,1.3714285714285714,2.085714285714286,2.2285714285714286,27.714285714285715,31.614285714285717,25.12857142857143,11.200000000000001,35.57142857142857,8,5,1
2018-03-18,39.0,0.0,0.0,0.0,0.0,28.485714285714288,33.114285714285714,25.814285714285713,11.271428571428572,33.542857142857144,10,4,1
2018-03-25,36.0,1.0,0.6285714285714287,0.7142857142857143,0.7142857142857143,28.37142857142857,32.82857142857143,25.857142857142858,10.299999999999999,31.014285714285712,10,2,2
2018-04-01,24.0,1.9428571428571428,0.7714285714285715,0.9714285714285714,1.2285714285714284,27.157142857142855,31.914285714285715,24.642857142857142,7.1571428571428575,32.51428571428571,11,6,4
2018-04-08,38.0,0.7428571428571428,0.7428571428571428,0.7428571428571428,0.7428571428571428,28.52857142857143,33.18571428571429,26.099999999999998,10.714285714285714,30.87142857142857,9,4,2
2018-04-15,38.0,2.0571428571428574,1.1142857142857143,1.2571428571428573,1.4571428571428573,28.914285714285715,33.8,26.285714285714285,9.828571428571427,31.542857142857144,7,3,1
2018-04-22,56.0,0.37142857142857144,0.2571428571428572,0.2571428571428572,0.2857142857142857,28.142857142857142,33.08571428571429,25.857142857142858,7.7,31.342857142857145,8,2,1
2018-04-29,56.0,4.8,3.6,4.371428571428572,4.542857142857143,28.414285714285715,32.98571428571429,25.24285714285714,6.8428571428571425,31.942857142857143,18,5,3
2018-05-06,77.0,3.742857142857143,3.3714285714285714,3.6285714285714286,3.6571428571428575,28.785714285714285,32.642857142857146,25.82857142857143,8.328571428571427,36.65714285714286,29,8,5
2018-05-13,62.0,0.19999999999999998,0.08571428571428573,0.14285714285714285,0.19999999999999998,29.685714285714287,32.91428571428571,27.47142857142857,11.228571428571428,33.628571428571426,13,4,2
2018-05-20,64.0,1.457142857142857,0.9714285714285714,1.1428571428571428,1.4000000000000001,28.414285714285715,32.885714285714286,26.042857142857144,6.471428571428571,27.914285714285715,21,4,3
2018-05-27,65.0,6.914285714285714,2.9428571428571426,3.485714285714286,4.0,28.314285714285713,32.41428571428572,25.642857142857142,6.914285714285714,28.785714285714285,13,3,3
2018-06-03,54.0,17.37142857142857,9.885714285714286,13.114285714285714,15.457142857142856,27.842857142857145,31.099999999999998,24.87142857142857,5.6000000000000005,30.028571428571432,12,3,2
2018-06-10,75.0,0.5999999999999999,0.5999999999999999,0.5999999999999999,0.5999999999999999,29.728571428571428,32.51428571428571,27.085714285714285,9.557142857142859,29.414285714285715,14,5,2
2018-06-17,55.0,1.6857142857142857,1.5142857142857142,1.5142857142857142,1.542857142857143,29.099999999999998,32.1,26.614285714285717,9.328571428571427,33.58571428571428,10,3,3
2018-06-24,61.0,4.628571428571428,4.085714285714286,4.457142857142857,4.457142857142857,27.74285714285714,31.0,24.771428571428572,8.27142857142857,36.45714285714286,10,1,2
2018-07-01,76.0,9.285714285714286,4.685714285714285,7.285714285714286,8.0,27.042857142857144,29.414285714285715,24.37142857142857,6.528571428571429,30.47142857142857,9,3,3
2018-07-08,58.0,9.114285714285714,5.314285714285715,7.971428571428571,9.028571428571428,28.24285714285714,31.142857142857142,25.485714285714288,9.985714285714286,34.271428571428565,12,3,1
2018-07-15,44.0,8.371428571428572,6.171428571428572,7.6000000000000005,8.257142857142856,28.25714285714286,30.87142857142857,25.457142857142856,10.285714285714286,34.15714285714286,12,3,4
2018-07-22,41.0,1.2857142857142858,1.1714285714285713,1.2571428571428573,1.2857142857142858,28.914285714285715,31.599999999999998,26.428571428571427,11.514285714285714,32.05714285714286,11,4,4
2018-07-29,56.0,0.7428571428571429,0.42857142857142855,0.7428571428571429,0.7428571428571429,29.0,32.05714285714286,26.857142857142858,12.4,35.41428571428571,12,3,2
2018-08-05,51.0,5.485714285714286,4.142857142857143,4.885714285714286,5.142857142857143,27.814285714285713,30.52857142857143,25.585714285714285,10.028571428571428,32.48571428571429,11,4,1
2018-08-12,59.0,0.9714285714285714,0.7999999999999999,0.8285714285714285,0.8571428571428571,28.571428571428573,31.442857142857143,26.085714285714285,10.342857142857143,33.542857142857144,8,3,1
2018-08-19,43.0,0.5428571428571428,0.42857142857142855,0.42857142857142855,0.42857142857142855,29.25714285714286,32.27142857142857,27.157142857142855,14.799999999999999,35.58571428571428,9,3,2
2018-08-26,68.0,10.171428571428573,5.542857142857143,5.628571428571428,5.8,28.24285714285714,31.942857142857147,25.37142857142857,9.814285714285715,34.0,9,3,4
2018-09-02,75.0,1.9714285714285715,1.8857142857142857,1.9714285714285715,1.9714285714285715,28.157142857142855,31.657142857142862,25.32857142857143,8.585714285714285,38.371428571428574,9,3,0
2018-09-09,76.0,13.828571428571431,9.62857142857143,11.200000000000001,11.857142857142858,27.185714285714287,29.87142857142857,23.814285714285713,6.228571428571429,32.04285714285714,11,3,2
2018-09-16,49.0,0.4857142857142857,0.37142857142857144,0.4571428571428572,0.4571428571428572,28.114285714285717,30.957142857142856,26.157142857142855,9.314285714285715,33.75714285714286,12,3,2
2018-09-23,63.0,5.228571428571429,3.4571428571428577,4.914285714285714,5.228571428571429,27.557142857142857,31.485714285714288,24.900000000000002,8.385714285714286,32.128571428571426,10,3,3
2018-09-30,40.0,0.0,0.0,0.0,0.0,29.157142857142855,32.6,26.842857142857145,12.028571428571428,34.15714285714286,9,4,2
2018-10-07,51.0,2.8285714285714287,2.1714285714285713,2.2,2.8000000000000003,29.185714285714287,33.07142857142857,26.585714285714285,11.62857142857143,37.68571428571429,8,5,2
2018-10-14,51.0,25.342857142857145,11.828571428571427,18.228571428571428,22.514285714285712,26.585714285714285,30.285714285714285,24.0,5.2,28.5,8,2,2
2018-10-21,62.0,3.8285714285714283,3.257142857142857,3.7714285714285714,3.8285714285714283,28.02857142857143,31.97142857142857,24.642857142857142,6.742857142857143,32.34285714285714,9,3,1
2018-10-28,78.0,1.3714285714285714,1.2285714285714284,1.2285714285714284,1.2857142857142858,27.8,32.1,25.47142857142857,6.1571428571428575,29.957142857142856,11,2,2
2018-11-04,75.0,1.8,1.0857142857142856,1.2,1.2,27.47142857142857,31.2,25.357142857142858,6.885714285714286,31.571428571428573,12,3,1
2018-11-11,71.0,3.4285714285714284,2.2857142857142856,2.7714285714285714,2.9714285714285715,27.32857142857143,31.52857142857143,24.957142857142856,5.6571428571428575,26.057142857142853,10,3,2
2018-11-18,78.0,6.857142857142857,5.085714285714286,5.8,6.285714285714286,27.17142857142857,30.74285714285714,24.142857142857142,5.385714285714286,32.7,10,3,2
2018-11-25,97.0,6.942857142857143,6.028571428571428,6.457142857142857,6.685714285714286,27.314285714285713,31.3,24.042857142857144,5.542857142857143,27.87142857142857,15,4,4
2018-12-02,109.0,6.371428571428572,4.0,4.542857142857143,5.171428571428572,27.442857142857143,31.0,25.057142857142857,6.928571428571429,29.37142857142857,18,4,3
2018-12-09,115.0,1.5714285714285714,0.9428571428571428,1.2285714285714284,1.3142857142857143,27.614285714285717,31.37142857142857,25.52857142857143,6.285714285714286,24.071428571428573,12,3,2
2018-12-16,108.0,11.057142857142859,6.228571428571428,8.228571428571428,10.542857142857143,26.885714285714283,30.67142857142857,24.957142857142856,6.3999999999999995,29.771428571428572,14,4,2
2018-12-23,128.0,2.8285714285714287,1.8857142857142857,2.542857142857143,2.7142857142857144,27.728571428571428,31.814285714285713,25.2,7.357142857142857,31.685714285714287,12,3,3
2018-12-30,160.0,2.5428571428571423,1.9142857142857144,2.1714285714285717,2.4285714285714284,28.285714285714285,32.48571428571429,25.442857142857143,6.857142857142857,32.32857142857143,12,5,0
2019-01-06,207.0,5.6000000000000005,3.057142857142857,3.6571428571428575,4.6000000000000005,28.614285714285717,32.642857142857146,25.914285714285715,9.257142857142856,32.871428571428574,20,6,3
2019-01-13,245.0,0.9142857142857143,0.5428571428571429,0.5428571428571429,0.5714285714285714,28.314285714285713,32.18571428571429,25.657142857142855,12.385714285714286,34.142857142857146,20,5,3
2019-01-20,215.0,7.771428571428572,2.3714285714285714,3.257142857142857,4.628571428571428,27.47142857142857,31.485714285714288,24.900000000000002,9.314285714285715,32.4,19,4,3
2019-01-27,222.0,0.2857142857142857,0.2857142857142857,0.2857142857142857,0.2857142857142857,27.642857142857142,31.042857142857144,25.599999999999998,12.700000000000001,37.371428571428574,18,6,2
2019-02-03,182.0,0.14285714285714285,0.1142857142857143,0.14285714285714285,0.14285714285714285,27.814285714285713,31.52857142857143,25.8,12.585714285714285,35.22857142857143,18,7,3
2019-02-10,138.0,0.0,0.0,0.0,0.0,28.385714285714283,33.07142857142857,25.5,12.071428571428571,36.471428571428575,26,8,4
2019-02-17,235.0,1.3142857142857143,0.6285714285714287,0.7142857142857143,1.0,28.085714285714285,33.028571428571425,25.157142857142855,12.714285714285714,35.6,20,4,4
2019-02-24,182.0,3.142857142857143,2.5142857142857147,2.9714285714285715,3.0,28.071428571428573,32.385714285714286,25.099999999999998,10.842857142857142,31.785714285714285,18,6,3
2019-03-03,157.0,0.028571428571428574,0.028571428571428574,0.028571428571428574,0.028571428571428574,28.342857142857145,32.785714285714285,25.857142857142858,13.357142857142858,37.55714285714286,16,4,3
2019-03-10,134.0,0.0,0.0,0.0,0.0,28.928571428571427,33.9,26.12857142857143,10.9,31.67142857142857,12,4,2
2019-03-17,109.0,3.857142857142857,2.7714285714285714,3.742857142857143,3.8285714285714287,28.52857142857143,33.614285714285714,25.0,10.22857142857143,33.371428571428574,14,4,1
2019-03-24,97.0,1.2571428571428573,1.2285714285714284,1.2571428571428573,1.2571428571428573,28.842857142857145,33.94285714285714,25.52857142857143,9.828571428571427,31.67142857142857,12,3,2
2019-03-31,100.0,5.2,4.228571428571429,4.942857142857143,5.2,28.7,32.94285714285714,25.685714285714287,9.357142857142858,29.5,14,4,4
2019-04-07,108.0,8.142857142857142,2.9714285714285715,5.257142857142857,6.914285714285714,28.114285714285717,32.51428571428571,24.857142857142858,7.928571428571429,31.271428571428572,16,4,2
2019-04-14,125.0,5.314285714285715,5.0,5.228571428571429,5.228571428571429,28.62857142857143,32.42857142857143,25.75714285714286,7.814285714285715,30.342857142857145,15,3,2
2019-04-21,135.0,3.057142857142857,2.314285714285714,2.742857142857143,2.7714285714285714,29.357142857142858,33.32857142857143,26.614285714285717,8.857142857142858,34.1,15,4,3
2019-04-28,157.0,8.457142857142857,3.114285714285714,5.085714285714286,7.057142857142857,28.428571428571427,32.3,26.085714285714285,5.871428571428572,28.071428571428573,15,5,4
2019-05-05,194.0,1.0285714285714287,1.0285714285714287,1.0285714285714287,1.0285714285714287,29.085714285714285,33.15714285714286,26.5,6.771428571428571,29.82857142857143,17,6,4
2019-05-12,287.0,4.571428571428571,3.1714285714285717,3.1999999999999997,3.542857142857143,29.457142857142856,33.285714285714285,25.900000000000002,6.228571428571429,33.471428571428575,22,5,4
2019-05-19,309.0,2.6285714285714286,0.2571428571428572,0.31428571428571433,0.37142857142857144,29.02857142857143,32.1,26.142857142857142,7.085714285714286,33.0,20,5,5
2019-05-26,378.0,0.8571428571428571,0.8571428571428571,0.8571428571428571,0.8571428571428571,29.271428571428572,32.52857142857143,27.057142857142857,8.4,33.214285714285715,31,7,8
2019-06-02,401.0,2.7142857142857144,1.8000000000000003,2.2857142857142856,2.4857142857142853,29.114285714285717,32.6,26.82857142857143,9.457142857142857,33.72857142857143,27,5,6
2019-06-09,400.0,7.571428571428571,3.257142857142857,4.171428571428572,5.857142857142857,27.728571428571428,30.485714285714288,25.657142857142855,7.485714285714286,29.814285714285713,28,7,6
2019-06-16,467.0,3.7142857142857144,2.1714285714285713,2.7142857142857144,3.0,28.957142857142856,31.75714285714286,26.614285714285717,9.442857142857141,31.842857142857145,42,10,8
2019-06-23,433.0,8.885714285714286,5.485714285714286,7.657142857142857,8.0,28.0,30.8,25.37142857142857,7.614285714285714,33.98571428571429,44,13,9
2019-06-30,497.0,2.7142857142857144,2.257142857142857,2.4,2.485714285714286,28.985714285714288,31.87142857142857,26.585714285714285,11.828571428571427,36.114285714285714,42,10,9
2019-07-07,593.0,0.05714285714285715,0.05714285714285715,0.05714285714285715,0.05714285714285715,29.25714285714286,32.18571428571429,27.400000000000002,12.0,33.214285714285715,44,13,8
2019-07-14,663.0,0.2571428571428571,0.2285714285714286,0.2571428571428571,0.2857142857142857,29.057142857142857,32.128571428571426,26.900000000000002,13.185714285714285,35.52857142857143,45,11,8
2019-07-21,646.0,0.37142857142857144,0.34285714285714286,0.37142857142857144,0.37142857142857144,28.814285714285713,31.714285714285715,26.585714285714285,13.214285714285714,37.285714285714285,45,12,8
2019-07-28,605.0,1.0571428571428572,0.6571428571428571,0.8571428571428571,1.0285714285714287,28.771428571428572,32.028571428571425,26.457142857142856,11.200000000000001,33.82857142857143,53,11,8
2019-08-04,599.0,0.0,0.0,0.0,0.0,29.442857142857143,32.857142857142854,27.37142857142857,14.614285714285714,36.785714285714285,52,10,9
2019-08-11,523.0,0.5714285714285714,0.4571428571428572,0.5428571428571429,0.5714285714285714,29.185714285714287,32.25714285714286,27.5,16.04285714285714,37.728571428571435,45,12,8
2019-08-18,524.0,0.0,0.0,0.0,0.0,29.585714285714285,33.18571428571429,27.571428571428573,16.257142857142856,38.800000000000004,41,9,8
2019-08-25,474.0,0.5428571428571428,0.4571428571428572,0.5428571428571428,0.5428571428571428,29.32857142857143,33.32857142857143,27.142857142857142,15.628571428571428,38.871428571428574,34,9,5
2019-09-01,414.0,0.5714285714285714,0.37142857142857144,0.37142857142857144,0.4857142857142857,28.25714285714286,31.771428571428572,26.057142857142857,11.828571428571427,34.67142857142857,34,9,6
2019-09-08,327.0,0.0,0.0,0.0,0.0,29.442857142857143,33.357142857142854,26.885714285714283,16.04285714285714,38.17142857142857,31,7,6
2019-09-15,317.0,0.0,0.0,0.0,0.0,29.2,32.91428571428572,27.142857142857142,13.971428571428572,33.68571428571429,32,7,4
2019-09-22,301.0,0.0,0.0,0.0,0.0,29.24285714285714,33.114285714285714,27.0,15.814285714285715,37.34285714285714,23,5,3
2019-09-29,261.0,3.057142857142857,2.3428571428571425,2.7714285714285714,2.9714285714285715,28.442857142857143,33.042857142857144,25.52857142857143,8.885714285714284,34.614285714285714,22,4,4
2019-10-06,246.0,2.2857142857142856,1.5714285714285714,1.8285714285714287,1.9714285714285715,27.67142857142857,32.3,24.62857142857143,8.957142857142857,37.028571428571425,21,4,4
2019-10-13,227.0,1.8,1.0,1.257142857142857,1.3142857142857143,28.32857142857143,33.18571428571429,25.285714285714285,7.928571428571429,34.55714285714286,23,6,3
2019-10-20,239.0,1.1428571428571428,0.6,0.6571428571428571,0.6571428571428571,28.87142857142857,33.3,26.357142857142858,8.7,38.214285714285715,20,5,4
2019-10-27,242.0,18.057142857142857,9.685714285714285,12.657142857142857,15.028571428571427,27.771428571428572,32.199999999999996,24.857142857142858,6.371428571428572,30.400000000000002,21,4,4
2019-11-03,308.0,4.285714285714286,3.1714285714285713,3.314285714285714,3.8000000000000003,28.099999999999998,32.357142857142854,25.32857142857143,6.628571428571428,31.17142857142857,27,6,6
2019-11-10,322.0,0.7714285714285714,0.7142857142857143,0.7428571428571428,0.7714285714285714,28.771428571428572,32.857142857142854,25.714285714285715,7.042857142857143,31.314285714285713,29,5,6
2019-11-17,373.0,0.17142857142857143,0.17142857142857143,0.17142857142857143,0.17142857142857143,28.428571428571427,32.57142857142857,25.957142857142856,6.957142857142857,28.685714285714283,30,8,5
2019-11-24,331.0,3.2,2.771428571428572,2.8857142857142857,2.971428571428571,26.985714285714288,31.557142857142857,25.085714285714285,6.8999999999999995,29.17142857142857,27,7,5
2019-12-01,295.0,13.371428571428572,7.9142857142857155,9.828571428571427,10.828571428571427,27.714285714285715,32.128571428571426,25.099999999999998,7.357142857142857,30.5,21,6,4
2019-12-08,281.0,8.971428571428572,4.228571428571429,7.085714285714286,8.571428571428571,27.47142857142857,30.385714285714283,25.285714285714285,12.0,36.385714285714286,20,6,2
2019-12-15,257.0,43.4,12.028571428571428,15.571428571428571,20.857142857142858,24.914285714285715,27.5,23.114285714285717,7.471428571428571,29.928571428571427,21,7,4
2019-12-22,226.0,7.442857142857142,3.957142857142857,4.214285714285714,6.442857142857143,26.5,30.400000000000002,24.457142857142856,7.6571428571428575,28.585714285714285,26,9,5
2019-12-29,290.0,0.39999999999999997,0.39999999999999997,0.39999999999999997,0.39999999999999997,27.542857142857144,31.228571428571428,25.228571428571428,11.314285714285715,32.6,21,8,4
2020-01-05,303.0,0.0,0.0,0.0,0.0,27.814285714285713,31.642857142857142,25.52857142857143,12.12857142857143,38.300000000000004,30,9,6
2020-01-12,343.0,2.6,1.0571428571428572,1.1714285714285713,1.5999999999999999,27.157142857142855,31.24285714285714,24.75714285714286,9.828571428571427,36.214285714285715,35,8,5
2020-01-19,404.0,0.0,0.0,0.0,0.0,27.97142857142857,32.1,25.52857142857143,12.171428571428573,34.41428571428572,27,8,3
2020-01-26,309.0,2.0285714285714285,0.5714285714285714,0.7999999999999999,1.1428571428571428,27.97142857142857,31.67142857142857,25.285714285714285,13.585714285714285,34.91428571428572,25,6,4
2020-02-02,370.0,8.0,3.7428571428571433,4.714285714285714,7.314285714285715,27.900000000000002,31.82857142857143,25.5,12.942857142857141,35.028571428571425,22,6,3
2020-02-09,400.0,2.085714285714286,0.6857142857142857,0.7428571428571429,1.2285714285714284,27.614285714285717,31.428571428571427,24.942857142857143,11.728571428571428,34.357142857142854,47,9,6
2020-02-16,380.0,3.4,2.914285714285714,2.9714285714285715,2.9714285714285715,27.87142857142857,31.82857142857143,25.342857142857145,10.228571428571428,30.24285714285714,52,11,6
2020-02-23,381.0,3.142857142857143,1.4857142857142858,1.657142857142857,1.9142857142857144,27.82857142857143,31.657142857142855,25.099999999999998,14.3,41.17142857142857,30,6,3
2020-03-01,374.0,0.6571428571428571,0.4571428571428572,0.4571428571428572,0.5714285714285714,28.085714285714285,32.0,25.62857142857143,13.928571428571429,37.94285714285714,28,8,4
2020-03-08,375.0,5.714285714285714,4.9142857142857155,5.542857142857143,5.714285714285714,28.271428571428572,32.58571428571428,25.62857142857143,10.085714285714285,32.44285714285714,29,5,4
2020-03-15,389.0,0.0,0.0,0.0,0.0,29.0,33.3,26.285714285714285,11.0,30.7,25,5,4
2020-03-22,368.0,6.971428571428571,3.4,5.171428571428571,6.771428571428571,28.47142857142857,32.628571428571426,25.957142857142856,11.328571428571427,35.22857142857143,35,8,5
2020-03-29,377.0,2.857142857142857,2.4,2.6,2.857142857142857,28.6,32.714285714285715,25.771428571428572,9.971428571428572,31.62857142857143,22,5,4
2020-04-05,315.0,8.142857142857142,6.457142857142857,7.971428571428571,8.085714285714285,29.12857142857143,33.55714285714286,26.0,9.771428571428572,34.4,21,4,3
2020-04-12,343.0,3.942857142857143,2.3999999999999995,3.0285714285714285,3.457142857142857,28.52857142857143,32.5,25.542857142857144,8.285714285714286,29.614285714285717,17,3,3
2020-04-19,360.0,0.0,0.0,0.0,0.0,29.585714285714285,33.542857142857144,26.842857142857145,10.014285714285716,32.02857142857143,29,3,3
2020-04-26,400.0,1.5714285714285714,1.0571428571428572,1.342857142857143,1.5142857142857142,28.857142857142858,33.41428571428572,26.542857142857144,7.714285714285714,29.357142857142858,22,5,3
2020-05-03,390.0,16.54285714285714,8.657142857142857,12.171428571428573,14.22857142857143,27.8,32.0,25.12857142857143,5.828571428571428,29.085714285714285,24,3,4
2020-05-10,507.0,15.028571428571427,10.514285714285714,13.799999999999999,15.0,29.0,32.642857142857146,26.014285714285712,7.8,31.485714285714288,34,8,4
2020-05-17,526.0,10.285714285714286,6.914285714285714,8.971428571428572,9.057142857142857,29.12857142857143,31.87142857142857,26.17142857142857,9.128571428571428,35.98571428571429,33,6,7
2020-05-24,619.0,4.542857142857143,3.9714285714285715,4.514285714285714,4.857142857142857,28.857142857142858,31.957142857142856,26.142857142857142,6.171428571428572,26.97142857142857,31,7,4
2020-05-31,732.0,3.314285714285714,1.8571428571428572,2.2285714285714286,3.0,29.17142857142857,32.471428571428575,26.285714285714285,7.242857142857142,31.47142857142857,51,8,7
2020-06-07,868.0,14.342857142857143,4.885714285714285,2.457142857142857,3.0,28.114285714285717,31.442857142857143,25.085714285714285,7.085714285714286,33.31428571428571,64,13,9
2020-06-14,1153.0,4.571428571428571,3.1142857142857143,3.6,4.0,28.585714285714285,31.75714285714286,25.62857142857143,8.871428571428572,34.114285714285714,75,10,10
2020-06-21,1371.0,6.942857142857142,3.142857142857143,4.371428571428572,5.371428571428572,27.642857142857142,30.3,25.52857142857143,6.228571428571429,29.099999999999998,78,12,13
2020-06-28,1460.0,6.3428571428571425,2.2,2.8857142857142857,3.685714285714286,27.885714285714283,30.271428571428572,25.685714285714287,9.414285714285715,34.65714285714286,70,12,14
2020-07-05,1448.0,1.4857142857142858,1.342857142857143,1.3714285714285714,1.3714285714285714,28.842857142857145,31.900000000000002,26.5,11.428571428571429,32.785714285714285,64,11,13
2020-07-12,1667.0,3.3142857142857145,2.4,3.0285714285714285,3.1714285714285713,27.657142857142855,30.442857142857143,25.571428571428573,7.685714285714285,31.47142857142857,77,11,13
2020-07-19,1729.0,2.457142857142857,0.9428571428571428,0.9714285714285714,1.2,27.74285714285714,30.942857142857143,25.8,7.6000000000000005,29.900000000000002,100,14,12
2020-07-26,1792.0,7.8,6.3999999999999995,7.457142857142856,7.685714285714285,28.071428571428573,31.242857142857144,25.12857142857143,9.171428571428573,37.81428571428571,76,13,13
2020-08-02,1378.0,6.257142857142857,3.8000000000000003,4.142857142857143,5.457142857142857,27.942857142857143,30.599999999999998,25.228571428571428,8.9,34.68571428571429,76,13,10
2020-08-09,1667.0,0.6857142857142857,0.6571428571428571,0.6857142857142857,0.6857142857142857,29.114285714285717,31.928571428571427,26.885714285714283,10.314285714285715,31.214285714285715,67,10,11
2020-08-16,1339.0,6.9142857142857155,4.2,6.142857142857143,6.571428571428571,28.185714285714287,31.12857142857143,25.67142857142857,8.371428571428572,32.27142857142857,57,10,9
2020-08-23,1287.0,5.371428571428571,2.5714285714285716,3.142857142857143,3.8857142857142857,27.67142857142857,30.97142857142857,25.214285714285715,8.357142857142858,37.042857142857144,53,7,9
2020-08-30,1154.0,1.8,1.2571428571428573,1.3714285714285714,1.5714285714285714,27.928571428571427,31.599999999999998,25.357142857142858,9.200000000000001,36.800000000000004,46,6,8
2020-09-06,938.0,8.657142857142857,4.885714285714286,5.8,6.571428571428571,27.585714285714285,30.814285714285713,25.47142857142857,8.014285714285714,31.72857142857143,36,6,5
2020-09-13,725.0,4.057142857142857,1.2,1.6285714285714286,2.3714285714285714,27.400000000000002,31.0,25.057142857142857,7.985714285714286,37.82857142857143,32,4,6
2020-09-20,671.0,3.3714285714285714,1.8571428571428572,2.7714285714285714,3.142857142857143,27.75714285714286,31.414285714285715,24.62857142857143,8.942857142857143,37.01428571428571,34,4,6
2020-09-27,591.0,5.0,1.9428571428571428,2.3428571428571425,3.0,27.457142857142856,30.857142857142858,24.62857142857143,7.185714285714285,34.142857142857146,27,3,5
2020-10-04,605.0,1.0571428571428572,0.6857142857142857,0.7428571428571429,0.9428571428571428,27.842857142857145,31.3,25.62857142857143,7.571428571428571,33.31428571428571,23,3,4
2020-10-11,529.0,3.857142857142857,2.914285714285714,3.4,3.7142857142857144,28.2,31.442857142857143,25.557142857142857,7.214285714285714,31.22857142857143,25,3,6
2020-10-18,592.0,0.9142857142857144,0.6571428571428571,0.6857142857142857,0.8857142857142858,28.814285714285713,31.82857142857143,25.914285714285715,8.914285714285715,34.65714285714286,23,4,3
2020-10-25,565.0,3.1142857142857143,2.0,2.314285714285714,2.6000000000000005,28.25714285714286,31.7,25.457142857142856,6.7,28.014285714285712,23,5,5
2020-11-01,440.0,2.685714285714286,2.4857142857142853,2.542857142857143,2.5714285714285716,28.114285714285717,31.914285714285715,25.37142857142857,6.514285714285714,29.37142857142857,17,3,4
2020-11-08,408.0,16.82857142857143,9.314285714285715,11.857142857142858,14.4,27.014285714285712,30.52857142857143,24.614285714285717,6.042857142857143,30.171428571428574,17,3,3
2020-11-15,355.0,5.485714285714286,2.685714285714286,3.085714285714286,3.4857142857142853,27.914285714285715,31.62857142857143,25.571428571428573,8.385714285714286,29.37142857142857,18,4,2
2020-11-22,258.0,5.057142857142857,2.542857142857143,3.314285714285714,4.057142857142857,27.357142857142858,32.114285714285714,25.0,6.614285714285714,29.357142857142858,16,2,4
2020-11-29,279.0,2.4571428571428577,0.8571428571428571,1.4285714285714286,1.7142857142857142,26.614285714285717,29.37142857142857,24.785714285714285,6.1000000000000005,22.75714285714286,17,4,4
2020-12-06,228.0,4.942857142857143,4.171428571428572,4.257142857142857,4.628571428571428,27.357142857142858,32.0,24.842857142857145,11.771428571428572,29.685714285714287,12,1,1
2020-12-13,227.0,20.285714285714285,15.028571428571428,17.057142857142857,18.771428571428572,27.185714285714287,32.24285714285714,23.914285714285715,11.1,33.628571428571426,11,3,1
2020-12-20,236.0,7.771428571428571,4.0285714285714285,5.257142857142858,5.571428571428571,26.457142857142856,30.428571428571427,24.157142857142855,6.328571428571428,29.114285714285717,11,2,2
2020-12-27,196.0,4.3999999999999995,3.457142857142857,4.057142857142857,4.114285714285714,27.485714285714288,31.642857142857142,24.728571428571428,7.8,28.314285714285713,8,1,2
2021-01-03,194.0,50.542857142857144,6.9142857142857155,10.62857142857143,16.02857142857143,25.97142857142857,28.657142857142855,23.8,8.6,32.25714285714286,11,2,1
2021-01-10,166.0,40.08571428571429,8.4,11.228571428571428,14.228571428571428,25.314285714285713,28.085714285714285,23.685714285714287,7.428571428571429,29.071428571428573,11,1,2
2021-01-17,152.0,2.4857142857142853,1.5142857142857142,1.5714285714285714,1.657142857142857,26.214285714285715,29.314285714285713,24.228571428571428,11.985714285714286,34.68571428571429,10,2,2
2021-01-24,135.0,4.628571428571428,2.8285714285714283,4.428571428571429,4.628571428571428,26.414285714285715,30.214285714285715,23.985714285714288,11.157142857142857,34.94285714285714,11,2,2
2021-01-31,141.0,1.6857142857142857,1.5714285714285714,1.6285714285714286,1.6285714285714286,26.885714285714283,30.728571428571428,24.357142857142858,11.357142857142858,34.128571428571426,9,2,1
2021-02-07,143.0,0.0,0.0,0.0,0.0,27.071428571428573,31.042857142857144,24.785714285714285,12.942857142857141,37.300000000000004,10,1,0
2021-02-14,148.0,0.14285714285714285,0.14285714285714285,0.14285714285714285,0.14285714285714285,27.514285714285712,31.785714285714285,25.185714285714287,13.442857142857141,34.9,11,2,1
2021-02-21,146.0,0.0,0.0,0.0,0.0,27.0,31.157142857142855,24.7,15.685714285714285,38.885714285714286,10,0,2
2021-02-28,140.0,0.0,0.0,0.0,0.0,27.5,32.6,24.542857142857144,10.857142857142858,30.942857142857143,12,2,2
2021-03-07,145.0,5.2,4.0285714285714285,4.771428571428571,5.028571428571429,28.24285714285714,33.65714285714286,25.285714285714285,12.457142857142857,35.714285714285715,10,3,2
2021-03-14,129.0,2.257142857142857,1.1428571428571428,1.3714285714285714,2.085714285714286,27.857142857142858,32.614285714285714,24.642857142857142,10.885714285714286,34.371428571428574,10,1,1
2021-03-21,120.0,3.142857142857143,2.9714285714285715,3.142857142857143,3.142857142857143,28.12857142857143,32.84285714285714,25.428571428571427,9.4,30.67142857142857,11,2,3
2021-03-28,113.0,7.714285714285714,2.4857142857142853,4.057142857142857,5.371428571428572,27.47142857142857,31.87142857142857,24.957142857142856,8.3,34.142857142857146,11,1,1
2021-04-04,102.0,15.657142857142857,8.514285714285714,11.771428571428572,13.342857142857143,28.214285714285715,32.98571428571429,24.957142857142856,6.328571428571428,30.942857142857147,7,1,1
2021-04-11,112.0,9.571428571428571,6.314285714285715,8.828571428571427,9.085714285714285,28.47142857142857,32.957142857142856,25.414285714285715,8.171428571428573,33.34285714285714,10,0,2
2021-04-18,129.0,16.4,6.685714285714285,10.085714285714285,14.0,27.728571428571428,32.0,24.442857142857143,6.185714285714285,25.928571428571427,10,2,2
2021-04-25,84.0,6.114285714285714,3.314285714285714,3.6,3.8857142857142852,28.285714285714285,31.87142857142857,25.514285714285712,6.185714285714285,28.571428571428573,13,1,0
2021-05-02,117.0,1.5142857142857145,1.4285714285714286,1.542857142857143,1.542857142857143,28.557142857142857,32.67142857142857,25.814285714285713,7.742857142857143,31.74285714285714,9,1,3
2021-05-09,92.0,4.314285714285714,3.9714285714285715,4.0285714285714285,4.228571428571429,28.428571428571427,32.41428571428572,26.099999999999998,6.028571428571429,29.099999999999998,10,3,2
2021-05-16,119.0,13.599999999999998,9.257142857142856,11.828571428571427,13.257142857142856,28.814285714285713,32.357142857142854,25.62857142857143,6.971428571428571,31.47142857142857,8,1,2
2021-05-23,130.0,12.028571428571428,6.857142857142857,9.171428571428573,10.228571428571428,28.085714285714285,30.942857142857143,24.97142857142857,6.085714285714286,26.985714285714288,11,0,1
2021-05-30,118.0,5.142857142857143,4.114285714285715,5.057142857142857,5.142857142857143,29.342857142857145,32.74285714285714,27.0,8.77142857142857,32.528571428571425,13,2,2
2021-06-06,137.0,0.3142857142857142,0.2857142857142857,0.2857142857142857,0.2857142857142857,29.52857142857143,32.614285714285714,27.271428571428572,8.528571428571428,35.971428571428575,11,1,2
2021-06-13,135.0,3.314285714285714,2.914285714285714,3.1999999999999997,3.2857142857142856,28.75714285714286,31.985714285714288,25.614285714285717,7.871428571428572,35.97142857142857,11,2,0
2021-06-20,127.0,3.885714285714286,2.485714285714286,2.7142857142857144,3.0000000000000004,27.985714285714288,31.900000000000002,25.057142857142857,6.042857142857143,33.32857142857143,10,1,0
2021-06-27,112.0,3.6,2.2285714285714286,2.942857142857143,3.4285714285714284,28.12857142857143,31.985714285714288,25.042857142857144,5.714285714285714,29.357142857142858,9,2,1
2021-07-04,104.0,6.6000000000000005,4.885714285714285,5.485714285714286,6.028571428571429,28.12857142857143,31.900000000000002,25.17142857142857,6.828571428571428,34.128571428571426,11,1,1
2021-07-11,75.0,4.942857142857143,3.085714285714286,3.657142857142857,4.171428571428571,28.057142857142857,30.87142857142857,25.785714285714285,7.128571428571428,36.51428571428571,13,2,3
2021-07-18,80.0,16.942857142857143,6.714285714285714,10.37142857142857,13.4,27.928571428571427,31.2,25.571428571428573,9.271428571428572,33.58571428571428,13,3,3
2021-07-25,82.0,0.3428571428571429,0.11428571428571428,0.17142857142857143,0.34285714285714286,29.385714285714283,32.714285714285715,26.942857142857143,9.714285714285714,33.58571428571428,7,1,2
2021-08-01,70.0,4.285714285714286,2.942857142857143,3.942857142857143,4.285714285714286,29.271428571428572,32.24285714285714,26.428571428571427,9.957142857142857,36.75714285714286,12,2,2
2021-08-08,81.0,1.5714285714285714,1.3142857142857145,1.4285714285714286,1.5142857142857142,28.271428571428572,31.842857142857138,25.47142857142857,8.528571428571428,35.42857142857143,10,2,2
2021-08-15,56.0,4.057142857142857,3.1714285714285717,3.257142857142857,3.342857142857143,28.37142857142857,31.814285714285717,25.271428571428572,8.085714285714285,41.51428571428572,8,1,1
2021-08-22,53.0,17.885714285714286,5.685714285714285,7.571428571428571,12.0,26.857142857142858,30.12857142857143,24.342857142857145,6.700000000000001,31.5,8,3,0
2021-08-29,46.0,7.142857142857143,4.114285714285714,4.3428571428571425,4.714285714285714,27.142857142857142,30.3,24.62857142857143,8.671428571428573,34.91428571428572,9,1,1
2021-09-05,61.0,18.228571428571428,7.885714285714286,11.342857142857143,14.285714285714286,27.442857142857143,30.842857142857145,24.7,8.428571428571429,35.17142857142857,11,2,1
2021-09-12,74.0,6.628571428571428,7.942857142857143,8.742857142857144,9.085714285714285,28.357142857142858,31.685714285714287,25.042857142857144,7.771428571428571,33.34285714285714,12,3,1
2021-09-19,110.0,0.5428571428571428,0.39999999999999997,0.42857142857142855,0.4571428571428572,28.47142857142857,31.471428571428568,26.514285714285712,9.814285714285715,34.65714285714286,10,2,1
2021-09-26,105.0,4.628571428571428,2.7428571428571433,3.2285714285714286,3.257142857142857,28.957142857142856,32.41428571428572,25.900000000000002,8.328571428571427,35.714285714285715,11,1,1
2021-10-03,104.0,16.257142857142856,6.6000000000000005,11.8,14.542857142857144,27.314285714285713,31.25714285714286,24.542857142857144,6.042857142857143,30.157142857142855,10,2,0
2021-10-10,85.0,5.057142857142857,3.6285714285714286,4.685714285714285,4.971428571428571,29.2,32.528571428571425,26.099999999999998,8.571428571428571,33.6,11,1,1
2021-10-17,76.0,1.0285714285714287,0.8857142857142858,0.942857142857143,0.9714285714285715,29.428571428571427,32.857142857142854,27.071428571428573,8.142857142857142,32.028571428571425,10,1,2
2021-10-24,75.0,6.628571428571428,3.771428571428572,4.571428571428571,5.428571428571429,27.52857142857143,31.8,25.157142857142855,6.242857142857143,30.400000000000002,8,3,2
2021-10-31,59.0,4.0,2.857142857142857,3.085714285714286,3.2571428571428567,28.25714285714286,32.142857142857146,25.557142857142857,6.814285714285714,31.742857142857144,8,1,1
2021-11-07,42.0,15.485714285714286,9.857142857142858,12.314285714285715,13.771428571428572,26.985714285714288,31.985714285714288,24.585714285714285,5.114285714285715,27.5,8,1,0
2021-11-14,56.0,6.485714285714286,2.085714285714286,3.457142857142857,5.228571428571429,27.400000000000002,31.17142857142857,24.714285714285715,6.057142857142857,29.885714285714283,7,2,2
2021-11-21,63.0,9.771428571428572,5.085714285714286,8.114285714285714,9.37142857142857,27.74285714285714,31.75714285714286,24.985714285714288,5.757142857142857,32.528571428571425,7,1,0
2021-11-28,48.0,12.885714285714286,8.114285714285714,10.4,12.0,27.585714285714285,31.714285714285715,24.385714285714283,5.457142857142857,27.785714285714285,7,1,0
2021-12-05,65.0,2.0857142857142854,0.8857142857142858,1.4285714285714284,1.857142857142857,28.214285714285715,32.028571428571425,25.542857142857144,7.514285714285713,33.32857142857143,6,1,1
2021-12-12,61.0,2.085714285714286,1.1714285714285713,1.6285714285714286,1.8,27.599999999999998,31.32857142857143,25.642857142857142,9.585714285714285,34.91428571428572,6,0,1
2021-12-19,68.0,10.314285714285715,7.3428571428571425,8.342857142857143,8.914285714285715,27.728571428571428,31.62857142857143,25.25714285714286,7.514285714285714,34.385714285714286,5,1,1
2021-12-26,79.0,1.5142857142857145,0.8857142857142856,1.1428571428571428,1.1428571428571428,27.785714285714285,31.5,25.785714285714285,8.485714285714286,28.042857142857144,4,0,1
2022-01-02,106.0,11.828571428571427,2.8857142857142857,4.257142857142857,5.114285714285714,26.914285714285715,30.157142857142855,24.728571428571428,7.985714285714286,29.62857142857143,11,3,2
2022-01-09,146.0,1.6857142857142857,1.3142857142857143,1.3714285714285714,1.4000000000000001,27.428571428571427,31.428571428571427,25.014285714285712,8.814285714285715,29.357142857142858,13,2,4
2022-01-16,180.0,0.0,0.0,0.0,0.0,27.557142857142857,31.52857142857143,25.057142857142857,11.842857142857143,36.24285714285715,15,3,3
2022-01-23,171.0,1.2857142857142858,0.8571428571428571,0.8857142857142858,1.0,27.514285714285712,31.728571428571428,25.12857142857143,10.942857142857141,34.91428571428572,18,3,2
2022-01-30,154.0,0.5428571428571428,0.5428571428571428,0.5428571428571428,0.5428571428571428,27.87142857142857,32.714285714285715,24.87142857142857,9.885714285714286,30.685714285714287,11,0,2
2022-02-06,169.0,3.085714285714286,0.5714285714285714,0.9714285714285714,1.3142857142857145,28.057142857142857,32.457142857142856,25.442857142857143,11.314285714285715,34.91428571428572,16,1,1
2022-02-13,206.0,10.857142857142858,3.8000000000000003,5.885714285714286,6.971428571428572,26.342857142857145,30.114285714285717,24.071428571428573,7.2,27.785714285714285,14,3,4
2022-02-20,201.0,4.971428571428571,4.085714285714285,4.742857142857143,4.771428571428571,27.62857142857143,31.3,25.0,8.985714285714286,30.400000000000002,14,2,1
2022-02-27,263.0,6.085714285714286,3.885714285714286,4.6571428571428575,4.971428571428571,27.17142857142857,31.157142857142855,24.599999999999998,9.214285714285714,30.95714285714286,20,3,5
2022-03-06,369.0,3.4285714285714284,1.9714285714285715,3.085714285714286,3.371428571428571,27.614285714285717,32.41428571428572,24.842857142857145,8.442857142857143,31.47142857142857,22,3,4
2022-03-13,421.0,0.9142857142857144,0.5714285714285714,0.5714285714285714,0.8857142857142858,28.114285714285717,32.642857142857146,25.485714285714288,9.542857142857143,31.457142857142856,25,3,5
2022-03-20,441.0,5.8,2.857142857142857,4.514285714285714,5.485714285714286,28.0,32.22857142857143,25.32857142857143,7.357142857142857,30.428571428571427,23,5,5
2022-03-27,510.0,7.714285714285714,7.285714285714286,7.457142857142857,7.714285714285714,28.5,33.142857142857146,25.014285714285712,7.557142857142857,29.885714285714283,33,6,7
2022-04-03,643.0,7.114285714285715,4.914285714285714,5.114285714285714,5.742857142857143,28.17142857142857,32.84285714285714,24.914285714285715,6.171428571428572,32.01428571428571,27,4,4
2022-04-10,734.0,3.057142857142857,2.3142857142857145,2.5714285714285716,2.971428571428571,27.342857142857145,31.3,24.842857142857145,6.071428571428571,30.157142857142855,42,8,8
2022-04-17,942.0,15.028571428571427,9.400000000000002,13.028571428571427,14.142857142857142,28.400000000000002,32.128571428571426,24.714285714285715,6.057142857142857,33.6,57,5,9
2022-04-24,1003.0,7.485714285714286,4.885714285714286,5.8,6.6571428571428575,28.37142857142857,32.48571428571429,25.099999999999998,6.857142857142857,32.528571428571425,74,10,16
2022-05-01,846.0,7.0,4.142857142857143,5.9142857142857155,6.742857142857143,28.442857142857143,32.457142857142856,25.900000000000002,5.771428571428571,25.385714285714283,58,6,13
2022-05-08,1315.0,1.5999999999999999,0.7999999999999999,1.0,1.4000000000000001,28.7,31.514285714285712,25.87142857142857,8.185714285714285,33.042857142857144,64,7,12
2022-05-15,1276.0,1.6285714285714286,0.8571428571428571,1.0,1.4000000000000001,29.485714285714288,33.22857142857143,26.585714285714285,9.242857142857144,32.785714285714285,100,12,25
2022-05-22,1567.0,4.257142857142857,4.2,4.228571428571429,4.228571428571429,28.942857142857143,32.9,26.085714285714285,7.057142857142857,33.32857142857143,84,12,19
2022-05-29,1454.0,7.085714285714286,4.828571428571428,6.057142857142857,6.685714285714285,29.314285714285713,33.8,25.857142857142858,6.885714285714286,29.099999999999998,86,12,24
2022-06-05,1460.0,10.485714285714286,6.257142857142857,9.77142857142857,10.342857142857142,28.814285714285713,32.31428571428571,25.814285714285713,6.728571428571429,30.942857142857143,87,12,23
2022-06-12,1254.0,10.771428571428572,8.142857142857142,9.799999999999999,10.657142857142857,27.814285714285713,31.5,24.728571428571428,5.671428571428572,29.085714285714285,90,13,22
2022-06-19,1172.0,1.1142857142857143,0.7428571428571429,0.8571428571428571,0.9428571428571428,27.900000000000002,31.142857142857142,25.5,5.742857142857143,28.02857142857143,84,11,27
2022-06-26,1187.0,6.314285714285715,3.1999999999999997,4.057142857142857,5.6000000000000005,27.542857142857144,30.099999999999998,25.385714285714283,6.685714285714285,30.414285714285715,83,17,22
2022-07-03,1164.0,2.1142857142857143,1.3428571428571427,1.942857142857143,2.057142857142857,28.62857142857143,31.614285714285717,25.985714285714288,7.742857142857143,35.68571428571429,85,10,17
2022-07-10,918.0,3.6571428571428575,2.5714285714285716,3.0285714285714285,3.1999999999999997,28.542857142857144,31.442857142857143,25.8,7.171428571428572,31.485714285714288,74,10,22
2022-07-17,1036.0,4.057142857142858,2.8000000000000003,4.0,4.028571428571429,29.071428571428573,32.028571428571425,26.457142857142856,9.357142857142858,30.685714285714287,69,10,20
2022-07-24,1092.0,6.028571428571429,3.3714285714285714,4.514285714285714,5.114285714285714,28.442857142857143,31.75714285714286,25.5,8.557142857142857,32.25714285714285,68,7,18
2022-07-31,896.0,6.457142857142857,4.542857142857143,5.371428571428572,5.942857142857142,28.17142857142857,31.457142857142856,25.142857142857142,9.785714285714286,37.58571428571429,64,10,18
2022-08-07,879.0,2.457142857142857,1.0857142857142859,1.5142857142857142,1.9428571428571428,27.842857142857145,30.914285714285715,25.67142857142857,7.3428571428571425,28.557142857142857,55,10,16
2022-08-14,679.0,4.628571428571428,3.8285714285714287,4.6000000000000005,4.628571428571428,29.25714285714286,32.41428571428572,26.842857142857145,11.042857142857143,35.17142857142857,53,5,13
2022-08-21,662.0,4.2,3.1142857142857143,3.457142857142857,3.5714285714285716,28.385714285714283,31.442857142857143,26.042857142857144,9.314285714285715,36.75714285714286,45,6,9
2022-08-28,581.0,7.8,3.2857142857142856,3.971428571428571,5.285714285714286,27.357142857142858,30.585714285714285,24.771428571428572,7.542857142857143,31.75714285714286,45,9,12
2022-09-04,570.0,1.5428571428571427,1.0,1.1428571428571428,1.257142857142857,27.828571428571426,30.785714285714285,25.842857142857145,6.671428571428571,31.742857142857144,44,10,13
2022-09-11,544.0,1.342857142857143,0.7714285714285715,0.9142857142857144,1.2,27.885714285714283,31.414285714285715,25.614285714285717,7.685714285714285,31.214285714285715,40,8,12
2022-09-18,472.0,3.9142857142857146,1.3142857142857143,1.8571428571428572,2.1714285714285713,27.67142857142857,30.642857142857142,25.400000000000002,8.171428571428573,35.714285714285715,40,6,8
2022-09-25,426.0,7.285714285714286,4.457142857142857,5.885714285714286,6.657142857142857,27.771428571428572,30.557142857142857,24.714285714285715,6.785714285714286,32.528571428571425,38,5,10
2022-10-02,397.0,8.342857142857143,5.314285714285715,7.142857142857143,7.314285714285715,28.17142857142857,31.942857142857143,24.82857142857143,6.914285714285714,30.771428571428572,32,5,8
2022-10-09,376.0,6.0,4.457142857142857,5.2,5.542857142857143,26.928571428571427,30.599999999999998,24.74285714285714,5.314285714285715,27.87142857142857,39,6,13
2022-10-16,373.0,6.2,3.2285714285714286,3.7714285714285714,4.428571428571429,27.842857142857145,31.5,24.785714285714285,6.514285714285714,31.414285714285715,33,7,11
2022-10-23,314.0,8.77142857142857,5.971428571428571,7.285714285714286,7.971428571428571,27.814285714285713,31.442857142857143,25.02857142857143,6.057142857142857,26.24285714285714,36,4,12
2022-10-30,318.0,12.257142857142856,7.085714285714286,8.457142857142857,11.428571428571429,27.614285714285717,31.814285714285713,24.571428571428573,7.3,29.714285714285715,29,6,5
2022-11-06,294.0,9.085714285714285,6.857142857142857,8.285714285714286,10.62857142857143,27.271428571428572,30.942857142857143,24.185714285714287,6.942857142857143,35.08571428571428,25,4,6
2022-11-13,315.0,18.97142857142857,11.77142857142857,14.742857142857144,16.17142857142857,26.557142857142857,30.985714285714288,24.271428571428572,6.6000000000000005,27.242857142857144,24,2,7
2022-11-20,265.0,6.114285714285714,3.0285714285714285,4.057142857142858,5.228571428571429,27.571428571428573,31.61428571428571,24.442857142857143,6.771428571428571,32.01428571428571,24,3,7
2022-11-27,242.0,5.485714285714286,6.6000000000000005,6.971428571428572,7.2,28.085714285714285,31.82857142857143,24.52857142857143,7.028571428571429,36.771428571428565,18,4,3
2022-12-04,327.0,13.828571428571427,8.942857142857143,11.142857142857142,12.4,27.057142857142857,31.5,24.12857142857143,6.8999999999999995,32.285714285714285,26,5,6
2022-12-11,290.0,9.37142857142857,6.457142857142857,7.371428571428571,8.314285714285715,26.8,30.32857142857143,24.8,6.357142857142857,26.97142857142857,28,3,8
2022-12-18,270.0,11.685714285714285,6.885714285714285,9.028571428571428,9.542857142857143,26.414285714285715,29.82857142857143,24.314285714285713,8.628571428571428,28.314285714285717,23,4,6
2022-12-25,285.0,1.4571428571428573,1.1714285714285713,1.257142857142857,1.342857142857143,26.685714285714287,30.285714285714285,24.442857142857143,10.214285714285714,34.114285714285714,22,4,8
